65,240,150,180,210,240,208.1538462,0.123533377,33,150,0,0,0,0,11.15384615,2.420778071,5,11,28,2,80,15,11,10,38,10,-6.37E-07,626,1,0,0.281105991,0.30210502,0.336842105,0.317973198,0.220855935,78.40588235,0,16.65,27.54639175,39.83950617,29.31007696,0.560379842
14,240,180,210,240,240,222.8571429,0.098058068,9,50,0,0,0,0,5.357142857,2.603416559,2,3,2,15,60,20,2,15,8,10,-0.088777145,4,1,0,0.236363636,0.28,0.324675325,0.320341937,0.620062412,10.27272727,0,2.857142857,4.210526316,6.105263158,4.489433298,0.523993297
53,210,120,120,150,180,156.7924528,0.168866651,20,0,0,0,0,0,0,0,4,1,1,10,20,15,5,10,33,15,-1.70E-06,409,1,0.387754702,0.472779942,0.502617801,0.539235873,0.51274314,0.132690211,129.4796238,5,41.6626506,65.32258065,87.34042553,64.41470564,0.471929481
41,240,120,120,150,180,157.3170732,0.187321215,16,45,0,0,0,0,1.951219512,4.452000955,23,5,15,14,15,15,8,35,23,10,-5.61E-06,211,1,0,0,0.088888889,0.178571429,0.136568448,1.524906007,3,0,0,0.666666667,1.2,0.741159347,0.991046928
34,240,180,180,210,240,209.1176471,0.122943479,17,70,0,0,0,0,7.794117647,2.21237981,34,11,1,12,45,10,5,30,19,10,-4.95E-05,195,1,0,0,0,0,0.095279146,2.480605672,2,0,0,0,0,0.269649699,2.104330389
61,240,120,180,210,240,206.0655738,0.124974009,32,165,0,0,0,0,3.360655738,6.390616262,20,19,18,10,80,20,14,20,38,15,-9.39E-06,234,1,0,0.123809524,0.164835165,0.222222222,0.201019735,0.779915647,6.409090909,0,1.636363636,2.5,3.2,2.494794082,0.508005842
33,240,180,180,210,240,211.8181818,0.120477844,18,0,0,0,0,0,0,0,26,4,2,4,10,30,2,20,24,15,-6.67E-07,733,1,0,0.214814815,0.233709273,0.258119658,0.247077242,0.278628862,69.71581769,0,12.58536585,19.17808219,28.51282051,21.2111771,0.561053386
52,240,120,120,150,180,150,0.175411604,18,50,0,0,0,0,1.442307692,5.280993173,16,10,17,5,20,10,9,15,21,10,-8.73E-06,205,0.666666667,0,0.235123367,0.268965517,0.329004329,0.284071026,0.314049955,21.54285714,0,4.461538462,6.869565217,9.473684211,7.192198481,0.536949746
38,240,150,180,210,210,201.3157895,0.127496221,20,165,0,0,0,0,8.026315789,3.446406976,54,16,4,13,15,25,8,15,20,10,-3.28E-07,840,1,0,0.181365898,0.199134199,0.227596017,0.217855389,0.371640239,51.1550152,0,7.828571429,12.64150943,19.82524272,14.44529384,0.602980565
78,240,150,180,210,240,208.0769231,0.133304915,40,90,0,0,0,0,2.564102564,4.773887305,6,24,6,10,10,10,14,25,54,15,-2.16E-07,660,1,0,0.144313725,0.168091168,0.205882353,0.190725268,0.460800288,22.96296296,0,4,5.941176471,8.692307692,6.637891317,0.541605099
26,180,120,150,180,180,159.2307692,0.145650371,11,0,0,0,0,0,0,0,4,1,17,15,15,5,3,20,21,15,-7.56E-07,596,1,0,0,0.073333333,0.166666667,0.133688873,1.509361081,4,0,0,0.666666667,1,0.691827694,1.008957206
75,210,120,120,150,180,146,0.168888055,26,160,0,0,0,0,8,3.31819479,20,1,4,7,25,20,23,10,34,10,-0.480376961,15,1,0,0,0.083333333,0.194444444,0.146515829,1.438905045,3,0,0,0.571428571,1.333333333,0.720035938,1.112851488
64,240,180,180,210,240,208.125,0.113599281,35,145,0,0,0,0,6.484375,3.307245375,5,6,9,11,30,15,18,35,45,15,-2.05E-07,829,1,0,0.158205248,0.176966292,0.21,0.198221319,0.430116258,34.12658228,0,6,9.071428571,12.81690141,9.977665979,0.549006111
17,240,120,180,210,210,197.6470588,0.188136674,9,95,0,0,0,0,15.58823529,2.175137024,35,21,18,11,15,10,1,30,10,10,-4.53E-07,367,1,0.149048626,0.197778953,0.222431078,0.256613757,0.241502251,0.358466141,21.62601626,1,5.259259259,7.9375,11.58064516,8.676710847,0.501116745
48,240,150,180,210,210,200,0.13462912,26,0,0,0,0,0,0,0,28,36,32,1,30,15,8,35,31,15,-2.11E-06,414,1,0,0.110837438,0.135632184,0.183333333,0.171455761,0.806652331,8.029850746,0,2,2.888888889,3.823529412,2.939742419,0.492065625
59,210,120,120,150,180,152.5423729,0.167066188,23,40,0,0,0,0,1.779661017,4.412412918,17,37,4,5,85,15,15,30,45,15,-9.37E-06,249,1,0,0.047619048,0.106060606,0.2,0.166715012,1.3146594,3,0,0.4,1,1.333333333,0.890287726,0.731606298
37,240,150,180,210,240,203.5135135,0.145949475,19,100,0,0,0,0,7.162162162,2.809103849,1,3,2,15,30,15,5,0,28,15,-2.49E-06,218,1,0,0.363636364,0.4,0.441219158,0.412573178,0.199970294,42.515625,0,11.93333333,17.85,24.7,18.47931192,0.49090699
57,240,150,180,210,240,203.1578947,0.135559331,29,200,0,0,0,0,4.122807018,6.445930704,13,8,6,4,5,20,8,25,27,10,-1.28E-04,85,1,0,0.3,0.347083926,0.386243386,0.351381117,0.298081096,19.55555556,0,5.052631579,7.8,12.13333333,8.713735858,0.548787839
77,240,120,120,150,180,150.7792208,0.163425202,27,175,0,0,0,0,11.03896104,2.936608217,8,4,28,5,30,25,14,25,41,10,-7.20E-06,193,1,0,0,0.128205128,0.266666667,0.206500393,1.321097682,4,0,0,1,1.6,0.972204867,0.862559149
72,210,120,120,150,180,152.5,0.172715635,26,35,0,0,0,0,0.486111111,8.426149773,56,30,9,10,25,15,19,35,47,15,-2.76E-07,836,0.8,0,0.247562893,0.268258065,0.292175486,0.278753729,0.198194895,83.13265306,0,15.625,26.76635514,40.69281046,29.73697238,0.585955496
75,240,120,180,210,240,203.6,0.146941155,39,75,0,0,0,0,1.266666667,7.00494483,4,14,6,13,10,15,15,30,35,10,-0.489449307,7,1,0,0.125,0.166666667,0.252747253,0.213182628,0.899187402,3.652173913,0,1,1.555555556,2.333333333,1.593930577,0.658229094
21,180,120,150,150,180,160,0.133630621,7,25,0,0,0,0,1.19047619,4.472135955,51,4,9,14,20,20,4,15,11,10,-8.06E-06,238,1,0,0.162878788,0.192028986,0.25,0.228196371,0.585407575,11.52941176,0,2.571428571,4,5.461538462,4.178755076,0.529303439
46,240,120,180,210,240,206.7391304,0.145828698,23,110,0,0,0,0,7.282608696,3.025730601,21,4,6,14,15,15,13,30,30,15,-7.53E-06,221,1,0.497457075,0.606241541,0.646750149,0.690273288,0.654691284,0.112264071,109.0095238,2,50.96,69.75471698,87.13669065,66.66810516,0.37753986
72,240,150,180,210,240,208.3333333,0.135528595,36,0,0,0,0,0,0,0,47,7,5,6,20,10,15,30,32,10,-2.18E-07,881,1,0.342004665,0.429895517,0.452779623,0.477153558,0.460006837,0.128976795,234.0177778,4,68.60810811,104.3914894,143.0464396,106.5360124,0.475245599
31,180,120,120,150,180,153.8709677,0.154568626,11,120,0,0,0,0,8.064516129,3.398352542,5,3,2,11,30,25,2,10,16,10,-1.28E-07,953,1,0,0.125988701,0.142857143,0.169960474,0.158486226,0.416382517,26.70539419,0,4.166666667,6.468085106,9.466666667,7.231418041,0.574173272
28,240,180,180,210,210,207.8571429,0.101534617,15,30,0,0,0,0,1.071428571,5.196152423,8,3,1,2,95,20,7,20,13,10,-1.96E-05,133,1,0,0.19,0.222222222,0.290909091,0.243988977,0.472945819,8.923076923,0,2.285714286,3.384615385,4.833333333,3.491576089,0.50496815
69,240,150,180,210,240,207.826087,0.150132846,35,210,0,0,0,0,15.94202899,2.426642751,26,5,1,5,25,10,13,25,50,15,-2.55E-05,134,1,0,0.472934473,0.516339869,0.55764411,0.518346296,0.161204467,48.768,0,15.93103448,24.04255319,33.23529412,24.51221461,0.440280311
60,210,120,150,150,180,153.5,0.151771958,21,100,0,0,0,0,3.583333333,4.286331048,6,29,6,8,30,15,14,30,39,15,-1.96E-07,805,1,0.297955912,0.355485341,0.376344086,0.406356801,0.389810243,0.167293517,152.3136456,2,33.01234568,54.94964029,81.44186047,58.48272719,0.554817148
13,180,120,150,180,180,161.5384615,0.137023758,5,100,0,0,0,0,7.692307692,3.464101615,16,15,15,6,30,10,1,35,8,15,-1.43E-05,186,1,0,0.201680672,0.23145072,0.267692308,0.247540244,0.376267667,16.27160494,0,3.666666667,5.714285714,7.953488372,5.919785248,0.492968297
39,180,120,120,150,180,147.6923077,0.1682864,14,90,0,0,0,0,8.205128205,2.616429461,13,1,11,0,10,30,8,30,20,10,-1.63E-05,159,1,0,0.175,0.219047619,0.288888889,0.247703185,0.559646082,10.62068966,0,2,3,4.571428571,3.345870943,0.576435357
19,240,180,210,240,240,222.6315789,0.100799081,11,0,0,0,0,0,0,0,32,1,1,8,40,10,1,30,11,10,-1.21E-07,675,1,0,0.16984127,0.189189189,0.219047619,0.20944694,0.41430175,33.95260664,0,5.675675676,9.348837209,13.50588235,10.07247545,0.573786504
12,240,180,210,210,240,217.5,0.09954315,6,0,0,0,0,0,0,0,7,6,26,9,20,15,1,20,10,15,-4.93E-06,234,1,0,0.045454545,0.1,0.166666667,0.156403422,1.380607409,3.5,0,0.5,1,1.5,0.982749496,0.75768364
67,240,120,120,150,180,150.4477612,0.180642749,24,110,0,0,0,0,4.029850746,4.261754503,3,11,15,10,35,20,12,20,49,15,-2.01E-05,165,1,0,0.204644412,0.244318182,0.285897436,0.264751388,0.446385556,16.89156627,0,3.684210526,5.6,7.846153846,5.909220891,0.533725294
44,240,120,180,210,240,201.1363636,0.157654454,21,120,0,0,0,0,14.09090909,2.083206725,29,3,38,6,15,20,5,25,25,10,-1.27E-06,340,1,0.306220096,0.35645933,0.386538462,0.420716113,0.40206746,0.194225639,65.81188119,2,16.29268293,26.11111111,37.21212121,27.19415263,0.511333465
67,240,120,120,150,180,154.9253731,0.175754865,24,120,0,0,0,0,7.910447761,3.28008978,1,28,10,0,90,15,12,35,51,15,-5.78E-05,181,1,0,0,0,0.095238095,0.117293997,2.224990755,3,0,0,0,0.5,0.358842132,1.860837292
63,240,180,180,210,240,214.2857143,0.111155547,34,105,0,0,0,0,2.936507937,4.841083012,80,4,4,1,5,15,10,25,43,15,-1.32E-07,781,1,0,0.365896433,0.388515406,0.420099256,0.398799826,0.150360999,149.5337691,0,34.33333333,58.45121951,83.05531915,60.69047978,0.527436678
44,240,120,180,180,210,190.9090909,0.16444092,21,75,0,0,0,0,4.318181818,3.74868398,41,13,1,4,95,15,9,35,31,15,-5.25E-06,271,1,0,0,0.047619048,0.145454545,0.113649242,1.707473294,4,0,0,0.4,1,0.555379179,1.185461131
28,180,120,150,150,180,154.2857143,0.153407792,10,120,0,0,0,0,12.85714286,2.371057481,8,4,18,0,15,15,2,25,19,15,-7.07E-07,525,1,0,0.264826776,0.285393258,0.31552795,0.299830575,0.259283355,60.29343629,0,12,19.33333333,28.73584906,21.16143998,0.565892351
70,240,120,120,150,180,154.2857143,0.197983663,28,45,0,0,0,0,1.642857143,4.763003294,48,8,29,2,35,20,16,25,36,10,-1.02E-06,608,1,0,0.05210084,0.088235294,0.142857143,0.123781542,1.2540689,4,0,0.666666667,1,1.416666667,1.032590999,0.658127992
64,240,120,120,150,180,152.34375,0.178541096,24,0,0,0,0,0,0,0,11,3,4,11,20,10,17,20,41,15,-4.61E-05,121,1,0,0,0.111111111,0.166666667,0.14061801,1.268304538,3,0,0,0.8,1.4,0.846427668,0.837644962
63,240,120,180,210,240,204.2857143,0.152248539,32,115,0,0,0,0,11.82539683,2.242795973,19,14,38,5,60,15,8,35,50,15,-5.20E-07,587,1,0,0.279069767,0.302123552,0.337804878,0.317126203,0.217525387,72.75,0,15.74358974,25.88372093,37.00775194,27.33640162,0.542283689
52,240,120,120,150,180,158.0769231,0.190201667,20,165,0,0,0,0,9.230769231,3.155545163,3,14,2,3,25,15,8,15,33,15,-5.05E-05,116,1,0,0.133333333,0.183823529,0.3,0.229282678,0.83522106,4.272727273,0,1.166666667,2,2.6,1.844470759,0.559176468
22,240,120,120,150,150,147.2727273,0.193339009,8,85,0,0,0,0,7.045454545,2.811637774,3,3,4,8,5,10,5,15,16,15,-1.57E-04,130,1,0,0,0,0,0.07254902,3.142083898,2,0,0,0,0,0.1767507,2.798255618
45,240,180,210,210,240,218,0.106200339,24,145,0,0,0,0,8.777777778,3.021686292,25,3,52,3,10,15,6,15,25,10,-8.74E-07,496,1,0.263315195,0.347133758,0.36996337,0.407993967,0.387677328,0.20583903,92.07250755,2,21.76271186,34.86021505,48.82539683,36.66269765,0.519825666
40,240,150,180,210,240,213.75,0.126267047,21,80,0,0,0,0,5.5,3.206398562,6,1,3,6,25,5,11,15,25,15,-5.93E-06,230,1,0,0.586819172,0.624356499,0.664386318,0.627588528,0.128517804,104.8093023,0,43.85507246,64.16326531,80.18604651,61.47955679,0.407415265
66,240,120,180,210,240,201.3636364,0.159378177,35,55,0,0,0,0,1.212121212,6.053150006,4,9,23,8,45,15,8,5,37,10,-1.20E-06,482,1,0.27027027,0.351225806,0.379424779,0.411904762,0.388127692,0.160481797,95.77643505,2.8,22.26229508,36.25263158,50.37878788,37.57024914,0.522418458
67,240,120,180,210,240,198.8059701,0.158235748,32,115,0,0,0,0,7.313432836,2.788572205,7,16,6,0,35,20,15,5,29,10,-4.01E-07,641,1,0,0.101449275,0.123809524,0.164835165,0.153453133,0.733701181,10.76923077,0,2.166666667,3.2,4.292682927,3.275189629,0.506805566
50,240,180,180,210,240,212.4,0.122613189,25,165,0,0,0,0,9.8,2.775735285,62,6,26,7,15,35,4,25,40,15,-3.77E-07,700,1,0,0.175595238,0.195675676,0.222745098,0.213164049,0.36273817,40.36862745,0,6.971428571,10.30188679,15.29411765,11.5533081,0.561340751
17,180,120,120,120,150,141.1764706,0.175,7,0,0,0,0,0,0,0,45,29,7,2,25,10,2,10,8,10,-9.65E-07,401,1,0,0.14379085,0.16374269,0.206896552,0.190968153,0.534476633,12.37623762,0,2.714285714,3.833333333,5.230769231,4.132169463,0.4890268
28,180,120,120,150,180,151.0714286,0.163428633,10,80,0,0,0,0,2.857142857,5.196152423,23,4,7,12,55,20,2,20,15,10,-3.14E-05,130,1,0,0.21978022,0.247619048,0.304843305,0.274440106,0.510609496,11.79487179,0,2.8,4.444444444,6.846153846,4.829194515,0.568962913
78,240,150,180,210,240,211.9230769,0.126899064,40,110,0,0,0,0,5.192307692,3.584692855,13,3,6,14,20,20,22,20,47,15,-1.23E-07,926,1,0.238095238,0.322824616,0.34323641,0.368863955,0.353665054,0.155404661,152.2035714,1.666666667,32,53.97183099,74.97297297,56.09854433,0.529094745
62,240,120,180,210,240,199.8387097,0.166084752,31,0,0,0,0,0,0,0,10,7,12,15,10,15,9,15,33,10,-3.72E-05,116,1,0,0.343843844,0.380952381,0.423280423,0.391902635,0.2604728,26.87912088,0,6.823529412,10.92857143,14.45714286,10.87819042,0.487657396
23,180,120,120,150,180,147.3913043,0.157810217,9,125,0,0,0,0,14.56521739,2.203704934,27,5,5,8,15,15,3,10,10,10,-1.64E-07,368,1,0,0.11942959,0.146666667,0.2,0.17686965,0.734852607,7.052631579,0,2,2.769230769,4,2.851567445,0.502879303
76,240,150,180,210,240,210.7894737,0.128492261,39,90,0,0,0,0,3.815789474,3.958915044,73,1,2,4,50,15,16,35,45,10,-3.20E-07,694,1,0,0.077922078,0.105413105,0.152380952,0.13300809,0.893697851,5.575,0,1.2,1.866666667,2.461538462,1.868276503,0.525076697
64,240,120,180,210,240,203.4375,0.146236236,32,100,0,0,0,0,4.53125,3.626924025,36,33,26,0,10,20,12,10,35,10,-5.95E-07,646,1,0,0.260818253,0.282560188,0.306976744,0.294384903,0.242930054,77.6918429,0,14.92682927,24.11267606,35.60583942,26.13051828,0.564230964
68,240,150,180,210,240,204.7058824,0.130454706,36,0,0,0,0,0,0,0,6,2,18,4,50,15,16,10,50,15,-2.55E-06,428,0.818181818,0.384671523,0.474170124,0.506097099,0.547008547,0.514124596,0.11984662,145.4058355,5.333333333,47.3902439,72.54166667,93.88601036,71.78376686,0.444345612
42,180,120,120,150,180,153.5714286,0.160650382,14,80,0,0,0,0,3.571428571,3.95137107,28,20,50,12,45,20,11,10,25,10,-4.56E-07,768,1,0.111020408,0.158608059,0.178947368,0.217189315,0.199226824,0.372011051,32.66371681,1,6.133333333,9.276595745,13.28358209,10.28758273,0.536563389
69,240,180,180,210,240,210.8695652,0.125790095,37,65,0,0,0,0,5.507246377,2.752674348,17,3,64,7,50,15,18,20,38,10,-3.99E-07,705,1,0.185787413,0.231073446,0.252066116,0.280519481,0.264364279,0.216728467,64.92537313,1.2,12.63829787,19.86440678,28.93103448,21.69709963,0.546636497
57,240,120,180,210,240,202.1052632,0.168044435,28,190,0,0,0,0,8.859649123,3.297549984,40,8,36,3,35,10,7,15,29,10,-3.05E-07,658,1,0.338677094,0.425182435,0.451476793,0.480472765,0.459364015,0.1281071,168.8706366,2.666666667,47.13043478,74.02614379,100.0172414,74.90915476,0.484061877
66,240,120,180,210,240,205,0.162287205,32,105,0,0,0,0,9.545454545,2.679814526,36,5,23,7,15,5,13,30,30,10,-1.99E-06,380,1,0,0.1,0.133333333,0.186813187,0.171809993,0.912767172,5.714285714,0,1.428571429,2.117647059,2.909090909,2.198258272,0.50081252
71,240,150,180,210,240,204.5070423,0.133292489,36,130,0,0,0,0,4.718309859,4.599873118,26,4,19,14,40,10,8,10,37,10,-6.26E-07,508,1,0,0.084615385,0.12,0.177777778,0.159551573,1.016847839,4.387096774,0,1,1.692307692,2.3,1.699153601,0.521293413
50,210,120,120,150,180,155.4,0.166918659,18,120,0,0,0,0,4.4,4.363636364,38,6,8,2,15,10,12,25,26,10,-1.96E-06,289,1,0,0.138888889,0.172305764,0.242647059,0.210496016,0.66533926,9.821428571,0,1.846153846,2.909090909,4,3.041850285,0.560931471
40,180,120,120,150,180,149.25,0.182502712,14,70,0,0,0,0,6.125,2.940404877,35,3,1,14,25,10,5,35,19,10,-2.22E-05,149,1,0,0.227920228,0.28045977,0.346405229,0.302197065,0.419854152,17.68674699,0,3.5,5.428571429,8.296296296,5.936902846,0.565487374
48,180,120,120,150,180,149.375,0.166472521,16,0,0,0,0,0,0,0,35,1,7,5,15,15,12,30,23,10,-5.63E-07,540,1,0.342432758,0.42999656,0.453155819,0.486854917,0.467175311,0.145519798,145.1914894,3,41.83529412,65.76642336,88.39593909,65.53185378,0.475400681
54,240,150,180,210,240,202.7777778,0.136354708,27,70,0,0,0,0,5.37037037,3.039963702,35,22,4,1,55,15,14,30,28,10,-9.63E-08,799,1,0.279875001,0.357705179,0.381314197,0.412425932,0.392759696,0.174244009,143.8557505,3,33.94805195,55.01449275,78.53333333,57.88039882,0.523273627
48,240,150,180,210,210,200,0.138067013,26,65,0,0,0,0,1.354166667,6.8556546,2,4,1,0,30,15,5,20,20,10,-2.73E-06,252,1,0,0.124183007,0.166666667,0.227272727,0.192607158,0.745943024,6.56,0,1.333333333,2,2.857142857,2.212436393,0.621872588
43,210,120,120,150,180,150,0.177842366,15,165,0,0,0,0,15.93023256,2.295756788,36,10,2,4,15,20,7,30,20,10,-9.32E-06,198,0.833333333,0.2,0.330188679,0.35753176,0.399535424,0.374604926,0.205834564,37.68595041,1,9.052631579,16.31372549,21.55555556,15.83732005,0.529224013
33,180,120,120,150,180,148.1818182,0.16484698,11,95,0,0,0,0,11.51515152,2.125804394,77,10,2,14,50,15,5,10,27,15,-1.08E-06,475,1,0,0.175452716,0.197628458,0.229807692,0.220288398,0.485162007,27.80851064,0,4.909090909,7.818181818,11.24,8.509087118,0.550949756
50,240,120,120,150,180,154.8,0.170542636,17,0,0,0,0,0,0,0,29,9,8,9,25,10,8,30,23,10,-2.17E-06,351,1,0,0.166666667,0.2,0.263157895,0.233156655,0.547840349,13.11428571,0,3.111111111,4.5,6.153846154,4.817506931,0.496146203
80,240,120,120,150,180,151.875,0.174855962,28,165,0,0,0,0,8.6875,3.073542622,3,1,1,5,15,35,9,30,40,10,-8.06E-05,109,1,0,0,0.1,0.3,0.181274087,1.396945098,2.333333333,0,0,0.666666667,1,0.691265906,0.905536934
32,240,120,150,150,180,157.5,0.171692918,11,45,0,0,0,0,3.28125,3.17837078,11,9,8,8,10,10,5,20,16,10,-1.30E-04,86,1,0,0.412955466,0.456666667,0.506666667,0.458959667,0.250257188,33.46341463,0,9.411764706,15.0625,20.26086957,15.21194456,0.510333824
80,240,150,180,210,240,203.625,0.129058061,40,105,0,0,0,0,5.125,3.390068429,63,10,16,10,20,25,18,15,50,15,-2.48E-07,842,1,0,0.061538462,0.084210526,0.122807018,0.117886186,1.160228227,4.181818182,0,1,1.444444444,2,1.450114909,0.542006575
58,240,180,180,210,240,210,0.124426906,30,65,0,0,0,0,2.155172414,4.701829431,24,1,9,11,10,45,10,35,28,10,-2.16E-04,82,1,0,0,0,0.166666667,0.144912954,1.820434165,3,0,0,0,1,0.511172555,1.311486682
62,240,180,180,210,240,211.4516129,0.115169149,33,100,0,0,0,0,4.758064516,3.700547721,18,14,36,13,40,10,12,20,41,15,-1.64E-07,773,1,0.245922822,0.301532567,0.324650681,0.354846172,0.337334005,0.192481706,104.3462532,2,24.44155844,38.55555556,53.74850299,40.43531206,0.515434389
39,240,150,180,210,240,208.4615385,0.149161498,20,150,0,0,0,0,9.615384615,2.782612681,16,4,1,8,80,25,7,20,20,10,-0.486786867,13,1,0,0,0.133333333,0.266666667,0.182355723,1.388695972,3,0,0,0.666666667,1.428571429,0.819419115,1.017366728
71,240,180,180,210,240,210.4225352,0.115980153,38,130,0,0,0,0,11.69014085,2.65988244,12,8,1,2,10,30,6,5,33,10,-0.48885158,1,1,0,0.340229885,0.393162393,0.473684211,0.432580668,0.375563275,18.33846154,0,5.636363636,8.352941176,11,8.301592641,0.486524602
43,240,150,180,210,240,204.4186047,0.1459219,22,0,0,0,0,0,0,0,29,2,1,2,10,15,6,5,33,15,-8.99E-06,211,1,0,0.192982456,0.222222222,0.268398268,0.243653221,0.43213283,15.38461538,0,3.333333333,5.3,7.6,5.553704071,0.530772569
66,240,150,180,210,240,203.1818182,0.135508436,36,260,0,0,0,0,9.015151515,4.047184802,11,4,6,7,15,15,12,25,30,10,-0.018754832,1,1,0.307971014,0.424242424,0.472934473,0.527472527,0.500281172,0.269798269,24,1,7.714285714,11.73913043,16.7027027,12.30621737,0.458502068
12,240,180,180,210,240,210,0.116642369,6,25,0,0,0,0,3.75,2.252570548,16,8,4,11,45,5,1,25,9,15,-1.86E-05,144,1,0,0.279202279,0.32034632,0.375,0.345891295,0.409480149,19.47619048,0,4.153846154,6.857142857,10.29411765,7.36035313,0.560004724
74,240,120,180,210,210,202.2972973,0.142284569,38,145,0,0,0,0,6.418918919,3.806409524,3,1,3,9,20,10,13,35,58,15,-1.98E-07,752,1,0.259080746,0.316896302,0.339849624,0.373038229,0.35525336,0.204445466,114.6009174,2,26.87096774,41.47692308,59.97727273,44.23354141,0.523151797
49,240,180,180,210,240,210.6122449,0.113260231,26,70,0,0,0,0,2.551020408,4.883932841,8,1,21,1,30,20,5,10,40,15,-6.34E-08,899,1,0,0.116955627,0.134199134,0.166666667,0.158144493,0.652796275,20.2254902,0,3.454545455,5.14893617,7.428571429,5.69252993,0.540751113
79,240,120,120,150,180,150.7594937,0.217005114,30,105,0,0,0,0,4.810126582,3.812793742,4,19,18,15,80,10,12,5,53,15,-4.73E-05,133,1,0,0,0.109090909,0.25,0.188144622,1.35988103,5,0,0,0.666666667,1.428571429,0.894327753,0.97752241
24,240,180,180,210,240,207.5,0.124627475,13,155,0,0,0,0,10.41666667,3.165564721,2,2,2,15,15,10,5,5,19,15,-2.41E-07,693,1,0,0.141558442,0.161616162,0.190883191,0.185415296,0.552424763,22.88770053,0,4.090909091,6.418604651,9.344827586,6.965966655,0.556700812
28,180,120,120,150,180,146.7857143,0.15773856,10,70,0,0,0,0,6.785714286,2.694510681,14,5,6,6,20,15,2,30,21,15,-3.00E-06,323,1,0,0.176836158,0.205263158,0.25,0.230286899,0.496680961,18.12962963,0,3.80952381,5.826086957,8.242424242,6.219141461,0.515098153
53,180,120,120,150,180,148.3018868,0.168631466,19,125,0,0,0,0,6.603773585,3.187859624,74,3,15,14,65,10,11,15,23,10,-6.58E-07,570,1,0,0.085561497,0.10952381,0.155844156,0.13980457,0.841031924,6.236842105,0,1.25,2,2.666666667,2.000258526,0.517982584
38,240,180,180,210,240,206.8421053,0.118995857,20,85,0,0,0,0,5,3.61284259,1,2,3,2,45,30,9,25,18,10,-4.93E-06,214,1,0,0.221014493,0.247747748,0.298941799,0.27652505,0.429710309,16.14925373,0,3.411764706,5.75,8.352941176,6.140095979,0.560681789
49,180,120,120,150,180,143.877551,0.173583643,16,100,0,0,0,0,4.387755102,3.890886024,92,1,5,1,15,5,7,5,31,15,-3.82E-07,642,1,0.321645022,0.376798016,0.396086727,0.426126591,0.407697767,0.142362266,133.4861461,2.8,35.65333333,57.04285714,80.40174672,58.71191577,0.497516001
45,240,120,180,210,240,214.6666667,0.131612547,23,165,0,0,0,0,6.111111111,4.231718093,35,11,9,11,45,15,7,25,25,10,-1.91E-06,393,0.9,0,0.429138063,0.457142857,0.488461538,0.463279675,0.142683646,109.2055749,0,33.11764706,50.16806723,67.55862069,51.05525563,0.47563266
14,180,120,120,150,180,154.2857143,0.161970886,5,0,0,0,0,0,0,0,3,3,1,2,15,15,2,15,8,10,-4.12E-05,125,0.7,0,0.212121212,0.246753247,0.316666667,0.266584484,0.380515296,11.42857143,0,2.75,4.222222222,5.80952381,4.541460953,0.509776135
63,240,120,180,180,210,196.6666667,0.153213482,31,115,0,0,0,30,14.84126984,1.861761461,40,5,2,9,55,20,10,10,45,15,-1.55E-06,487,0.733333333,0.293559569,0.356334232,0.37925052,0.40970696,0.390015555,0.134272949,110.9655172,1,27.33333333,41.97938144,58.54193548,43.34799531,0.501363642
51,240,120,120,150,180,154.1176471,0.184947198,19,70,0,0,0,0,3.62745098,3.693320131,37,12,25,7,45,10,14,35,40,15,-7.42E-07,544,1,0.208065635,0.262571008,0.285714286,0.322055138,0.305247317,0.283398224,53.88185654,1.333333333,12.13953488,18.83783784,27.1627907,20.69303511,0.542515658
65,240,120,180,210,240,202.1538462,0.161051983,32,60,0,0,0,0,3.153846154,4.025794286,25,8,9,4,15,20,11,5,41,15,-2.87E-07,775,0.763636364,0,0.441580042,0.466760712,0.496363636,0.471360696,0.109254442,216.6268657,0,61.21666667,97.26262626,132.4026846,97.44032658,0.493640627
61,240,180,180,210,240,205.5737705,0.123478353,31,80,0,0,0,0,3.606557377,3.816422755,13,4,4,4,20,15,9,5,33,10,-0.488521579,3,1,0,0.144927536,0.25,0.333333333,0.287802075,0.734760813,4.137931034,0,1,2,2.9,1.932548331,0.578017419
68,240,120,120,150,180,153.0882353,0.184505571,24,150,0,0,0,0,4.264705882,4.656194013,13,29,17,13,25,40,8,25,51,15,-1.36E-06,473,1,0,0,0.066666667,0.166666667,0.139209022,1.564756544,4,0,0,0.5,1,0.643325842,1.044531652
48,240,150,180,210,240,205.625,0.136439974,23,180,0,0,0,0,7.083333333,4.276353263,4,3,1,14,10,10,9,0,39,15,-1.31E-05,197,0.833333333,0.41197438,0.51046832,0.548929664,0.587439614,0.556410445,0.123763098,78.27513228,3.333333333,26.73170732,42.48,55.6344086,41.78988379,0.428650504
28,240,150,180,210,240,211.0714286,0.139478494,14,70,0,0,0,0,4.821428571,3.608213462,24,11,11,13,60,10,10,30,20,15,-4.38E-07,786,1,0,0.118613861,0.134199134,0.16194332,0.15772389,0.618924857,21.97129187,0,3.391304348,5.6,8.123076923,6.104127178,0.57180191
64,240,150,180,210,240,205.78125,0.125904452,34,100,0,0,0,0,1.953125,6.520736155,1,17,7,1,35,5,13,15,37,10,-0.426663649,29,1,0,0,0,0.2,0.178745276,1.764961799,3,0,0,0,1,0.523900227,1.410212055
63,240,120,120,150,180,153.3333333,0.178132055,22,50,0,0,0,0,1.746031746,4.62476267,6,1,2,4,40,10,9,5,36,10,-2.21E-05,184,1,0,0,0.095238095,0.166666667,0.131035642,1.399000541,2.666666667,0,0,0.666666667,1,0.679966017,0.9184305
40,240,120,180,210,240,204,0.161764706,20,100,0,0,0,0,7.5,3.245509719,43,1,10,10,45,10,5,25,27,15,-5.16E-07,657,1,0,0.035714286,0.072727273,0.138888889,0.124315861,1.501680759,3,0,0.333333333,0.769230769,1.2,0.840933681,0.766660328
61,240,120,180,210,240,208.0327869,0.137847563,30,200,0,0,0,0,12.54098361,2.74673154,56,4,1,12,10,15,7,35,36,10,-1.34E-07,931,1,0,0.30458283,0.323831913,0.3475292,0.333755149,0.175469587,128.0352941,0,26.94285714,46.15602837,66.8,49.07932929,0.556230327
29,240,180,180,210,210,205.862069,0.113037406,16,70,0,0,0,0,6.551724138,2.704515563,11,3,5,13,15,35,10,25,14,10,-2.34E-07,750,1,0,0.204915273,0.224538619,0.252747253,0.241079849,0.317385151,50.8030303,0,9.70212766,15.01492537,22.18691589,16.86247416,0.577030518
52,240,180,180,180,240,202.5,0.12952784,29,100,0,0,0,0,10.38461538,2.329950517,33,13,8,15,30,10,10,35,30,10,-3.01E-07,730,1,0.242870666,0.319774924,0.342857143,0.374007937,0.355257279,0.189781404,114.9141531,2,25.33333333,39.01754386,57.78313253,42.78307325,0.534617852
60,180,120,120,150,180,151.5,0.163391337,21,0,0,0,0,0,0,0,2,3,1,0,120,20,12,25,38,15,-2.83E-06,344,1,0,0.194949495,0.220930233,0.257894737,0.237133496,0.332235037,25.12418301,0,4.571428571,6.918918919,10.90322581,7.902761057,0.589505754
70,240,120,180,210,240,203.5714286,0.145018864,35,120,0,0,0,0,8.928571429,2.746517795,20,3,2,9,45,15,15,20,39,10,-0.017355372,34,1,0,0,0,0,0.065625,2.894247603,2,0,0,0,0,0.189930556,2.362930031
42,240,180,180,210,210,204.2857143,0.11210643,22,80,0,0,0,0,4.642857143,3.67383198,12,23,58,9,20,10,6,0,28,15,-2.90E-07,807,1,0,0.242713004,0.259661146,0.284289987,0.272176485,0.236653838,84.04466501,0,16.88461538,27.35185185,38.35,28.81145085,0.54643762
75,180,120,120,150,180,146.4,0.180079312,25,205,0,0,0,0,6.533333333,4.569628837,81,5,5,8,85,10,8,5,50,15,-1.05E-07,946,1,0.220238095,0.261619618,0.279169093,0.303365385,0.292346283,0.222293083,103.09375,1.666666667,19.17647059,32.85964912,47.28409091,34.9559232,0.575854027
59,210,120,150,150,180,154.0677966,0.149792815,21,160,0,0,0,0,6.440677966,3.856632593,4,1,1,1,45,10,6,20,38,15,-1.22E-05,217,1,0,0.611612306,0.640251572,0.683508246,0.649236313,0.121981391,115.4746544,0,53.33333333,76.24347826,91.13475177,71.30811011,0.370348765
53,240,180,180,210,240,212.2641509,0.115992337,30,60,0,0,0,0,2.641509434,3.970554888,27,4,35,10,15,15,9,0,37,15,-5.79E-07,595,1,0.363260745,0.431816125,0.457225314,0.485565878,0.464359736,0.120400796,167.8264642,2,49.08571429,76.93589744,100.6071429,76.25164202,0.469963398
56,240,120,180,210,210,199.2857143,0.156930317,27,35,0,0,0,0,1.071428571,5.270462767,6,1,4,13,25,25,9,25,32,10,-2.07E-07,841,1,0,0.341559409,0.362956488,0.39322444,0.374596992,0.170247962,152.0864662,0,34.95348837,55.79084967,77.74576271,57.81551989,0.528102912
46,240,150,180,210,240,203.4782609,0.143909899,23,70,0,0,0,0,6.52173913,2.664791007,24,7,1,10,35,15,4,35,26,10,-1.68E-07,758,1,0,0.200910433,0.221705426,0.245791246,0.235261995,0.307642105,46.83969466,0,9.62962963,14.63291139,21.84482759,16.19916791,0.549653254
44,240,180,180,210,240,212.0454545,0.118361172,24,290,0,0,0,0,13.63636364,3.446173401,81,7,4,5,15,20,8,10,32,15,-4.15E-07,648,1,0.166666667,0.256622082,0.280972417,0.310976556,0.295483592,0.249495516,68.91071429,0.666666667,13.7,21.05084746,30.56862745,23.35261415,0.568048343
56,240,150,180,210,210,203.5714286,0.120479191,28,100,0,0,0,0,6.160714286,3.005525962,47,11,2,0,15,10,4,25,24,10,-6.86E-06,256,1,0.368153586,0.457354443,0.491025641,0.52688172,0.501679313,0.1462996,85.04347826,2,27.63636364,41.84415584,56.09448819,42.00353976,0.44282791
49,240,120,150,150,180,161.0204082,0.187047511,18,35,0,0,0,0,0.714285714,6.92820323,38,12,13,9,95,30,7,25,29,10,-7.87E-06,292,1,0,0,0.095238095,0.166666667,0.146624314,1.459614104,4,0,0,0.666666667,1.142857143,0.757932309,0.910875981
74,240,120,120,150,180,155.6756757,0.183847527,28,170,0,0,0,0,4.797297297,4.586297005,11,79,3,13,40,10,13,30,38,10,-2.27E-07,767,1,0,0.068548387,0.101449275,0.151515152,0.134808851,1.002240366,4.481481481,0,1,1.565217391,2,1.569283397,0.525041708
66,180,120,120,150,180,151.3636364,0.1559539,22,85,0,0,0,0,7.196969697,2.534307535,14,2,9,5,20,20,16,10,38,10,-6.72E-08,913,1,0,0.391930353,0.415870278,0.442054434,0.42488839,0.14914089,190.0409556,0,49.98319328,80.99465241,113.1862069,82.79182495,0.506178751
49,240,120,180,210,240,205.7142857,0.153093109,25,190,0,0,0,0,6.326530612,4.50984586,60,12,1,2,15,15,8,20,28,10,-7.00E-07,497,0.9,0,0.303096653,0.326923077,0.366935484,0.341529579,0.196873216,73.04511278,0,16.15,25.68831169,36.52459016,27.18292284,0.531141715
80,240,180,180,210,240,204.375,0.125188184,43,120,0,0,0,0,5.3125,3.436724118,21,1,2,6,35,10,16,35,41,10,-1.37E-07,680,1,0.461610168,0.55323629,0.586799502,0.620314823,0.591040711,0.103490368,261.1891892,3,101.566879,149.5564854,192.787172,144.9097282,0.41886917
71,210,120,120,150,180,150.4225352,0.175511229,25,60,0,0,0,0,3.521126761,3.497770719,1,5,1,7,25,15,14,5,47,15,-9.21E-07,551,1,0.333810108,0.413979962,0.439368302,0.469269015,0.449201164,0.138599973,145.7575758,2.666666667,42.70103093,63.45185185,86.92753623,65.18290825,0.462284676
62,240,150,180,210,240,205.1612903,0.144311873,31,65,0,0,0,0,3.870967742,3.52914453,5,5,4,0,5,15,13,35,27,10,-4.75E-05,130,1,0,0.087719298,0.142857143,0.230769231,0.198739902,1.071801878,4,0,0.666666667,1.384615385,2,1.394043662,0.684832303
34,240,120,120,150,180,153.5294118,0.221096369,13,105,0,0,0,0,4.852941176,4.155052684,7,12,1,6,15,20,7,15,25,15,-0.004106759,9,1,0,0,0.156862745,0.333333333,0.200895517,1.17281094,4.545454545,0,0,1,2,1.106300498,0.955207027
46,240,180,180,210,210,201.5217391,0.110459859,25,80,0,0,0,0,2.717391304,4.567187318,62,3,19,15,15,20,6,10,32,15,-2.68E-06,433,1,0,0,0.066666667,0.142857143,0.110770401,1.44677564,3,0,0,0.666666667,1,0.678378387,0.875188402
38,240,120,180,210,240,203.6842105,0.143985858,20,20,0,0,0,0,0.526315789,6.08276253,12,11,1,3,15,15,7,5,27,15,-1.14E-06,566,1,0,0.214830331,0.238636364,0.273273273,0.260608595,0.380888782,46.33884298,0,8.411764706,13.33333333,20.4893617,14.96907274,0.572808654
71,240,120,180,210,210,198.1690141,0.151340874,36,90,0,0,0,0,2.253521127,5.3159915,44,42,6,2,20,20,19,30,43,15,-6.15E-07,600,1,0,0.131907308,0.155844156,0.191397849,0.177838177,0.544466516,14.96688742,0,3.4,4.714285714,6.315789474,5.094698271,0.506629655
72,240,150,180,210,240,202.5,0.145553409,38,145,0,0,0,0,9.097222222,2.742477302,20,1,7,4,60,15,18,35,31,10,-2.66E-06,406,1,0,0,0.038461538,0.166666667,0.130953645,1.784397354,3,0,0,0.333333333,1,0.5126629,1.21219129
33,240,120,180,210,240,204.5454545,0.150849447,16,110,0,0,0,0,9.090909091,2.541980855,2,22,23,11,10,10,5,35,20,15,-5.75E-07,586,1,0,0.185252525,0.207103825,0.24137931,0.225374238,0.358977989,35.44680851,0,6.516129032,9.948717949,14.6984127,11.18511947,0.577597755
34,240,180,180,210,240,209.1176471,0.122943479,19,65,0,0,0,0,3.382352941,4.035991198,24,8,12,2,10,15,8,10,14,10,-2.81E-05,161,0.822222222,0.305733268,0.372340426,0.410147992,0.465725806,0.426674915,0.191557977,41.6,4,12.93333333,18.04878049,25.45714286,19.36366047,0.464069786
41,240,180,180,210,240,212.195122,0.118452166,23,45,0,0,0,0,3.780487805,2.888493085,6,10,13,8,60,20,9,5,22,10,-2.19E-05,181,0.833333333,0,0.355353535,0.389280125,0.423809524,0.393670665,0.213792639,41.68965517,0,12.77419355,19.42857143,25.66666667,19.73896854,0.464916111
47,180,120,120,150,180,153.1914894,0.167705098,16,160,0,0,0,0,10.63829787,2.708837389,63,1,2,11,50,5,8,5,30,15,-3.77E-07,687,1,0,0.364983165,0.386534518,0.41943734,0.396625027,0.143595959,135.7637131,0,32.34375,52.23880597,74.89340102,55.36405915,0.51851362
57,240,120,180,210,240,203.6842105,0.152957608,29,150,0,0,0,0,7.631578947,3.270352293,36,34,29,13,10,20,5,25,42,15,-5.70E-07,617,1,0,0.066666667,0.090909091,0.138888889,0.125654353,1.133995277,4.314285714,0,0.909090909,1.384615385,1.923076923,1.401533334,0.549913064
79,240,120,180,210,210,200.5063291,0.137880869,40,0,0,0,0,0,0,0,19,5,14,3,70,10,12,15,37,10,-6.33E-05,122,1,0.272727273,0.430508475,0.475862069,0.531313131,0.493299506,0.194447264,47.6124031,2,14.83870968,22.69767442,30.61016949,23.07571246,0.461403412
30,180,120,120,180,180,157,0.161261005,11,80,0,0,0,0,4.833333333,3.362555226,58,4,3,2,75,10,5,0,23,15,-6.75E-06,275,1,0,0.066666667,0.107142857,0.166666667,0.133538973,0.978277024,4,0,0.666666667,1.166666667,1.714285714,1.218866543,0.678425959
31,240,180,180,210,240,209.0322581,0.118032859,16,0,0,0,0,0,0,0,4,21,18,8,20,15,4,30,23,15,-1.03E-05,184,1,0,0.075757576,0.133333333,0.2,0.169174752,1.099641542,3.931034483,0,0.666666667,1.285714286,2,1.256728342,0.718046403
14,240,180,180,210,210,207.8571429,0.101534617,7,70,0,0,0,20,12.5,1.767968972,25,5,42,6,55,15,3,10,11,15,-1.43E-06,483,1,0,0.103607771,0.13368984,0.173913043,0.156262336,0.662262864,9.724770642,0,1.75,2.620689655,3.769230769,2.785878885,0.539049213
75,240,120,180,210,240,200,0.168522995,37,195,0,0,0,0,14.46666667,2.396915911,46,4,7,2,30,15,19,25,34,10,-6.07E-07,586,1,0.41733871,0.507198684,0.538414448,0.573652327,0.543601477,0.11565751,202.2315789,2,68.03149606,102.2604167,144.5214521,104.5977125,0.447068895
79,240,180,180,210,240,208.8607595,0.119724201,41,100,0,0,0,0,5.759493671,3.352566979,6,7,5,4,20,10,10,0,49,15,-3.80E-07,749,1,0.391494718,0.475277752,0.50308862,0.532620081,0.508510904,0.102424532,240.3972835,2,72.57364341,116.9734513,161.0658683,116.5841283,0.478786076
73,240,150,180,210,240,208.7671233,0.137541949,37,0,0,0,0,0,0,0,48,5,5,15,30,15,12,25,30,10,-2.60E-07,775,1,0.356018105,0.439106258,0.46311435,0.494048923,0.473055968,0.13436541,210.4939966,5,63.2605042,94.35294118,130.109589,96.36065538,0.482853998
71,240,120,120,150,180,158.028169,0.185670113,26,45,0,0,0,0,3.591549296,2.863416521,39,3,54,15,35,10,13,15,48,15,-8.74E-07,581,1,0,0.047619048,0.080882353,0.138888889,0.118774745,1.317400112,3,0,0.5,0.923076923,1.333333333,0.922906195,0.651489269
68,240,120,120,150,180,150.4411765,0.188848108,25,60,0,0,0,0,2.352941176,4.016567253,17,33,4,11,65,15,22,20,39,10,-8.75E-06,238,1,0,0,0.066666667,0.166666667,0.127472228,1.516265326,2.5,0,0,0.666666667,1,0.651053442,0.967262345
58,240,120,180,210,240,208.9655172,0.153065592,28,150,0,0,0,0,3.965517241,5.234212016,18,9,12,12,15,20,9,10,45,15,-1.45E-08,755,0.714285714,0,0.305980188,0.327878434,0.359683794,0.338095099,0.152172981,107.2958435,0,22.96296296,37.53061224,53.28888889,39.36219625,0.526100826
44,240,180,180,210,240,207.2727273,0.114707867,23,50,0,0,0,0,2.840909091,3.741015905,75,6,1,0,25,10,6,15,27,15,-9.05E-07,464,0.861111111,0.305958859,0.368118812,0.394697295,0.427322404,0.408542357,0.167750715,98.7278481,3.142857143,26.06153846,40.30434783,54.40559441,41.08913582,0.478063594
39,180,120,120,150,180,146.9230769,0.171740518,13,125,0,0,0,0,7.435897436,3.599775393,10,8,1,11,20,20,6,35,31,15,-2.82E-05,173,0.833333333,0.28435518,0.378070175,0.411339422,0.449462366,0.421776658,0.163878682,49.69736842,3,15.29411765,22.44067797,30.14084507,22.97457097,0.43843792
47,210,120,120,150,180,151.9148936,0.192820066,19,135,0,0,0,0,11.17021277,2.520662908,31,2,2,2,25,15,7,5,24,10,-9.13E-06,204,1,0,0.417592593,0.447440699,0.499288762,0.470628238,0.229875735,55.36046512,0,15.25,24.68852459,34.38461538,25.1926042,0.494228062
66,240,120,120,150,180,154.0909091,0.194354766,24,80,0,0,0,0,6.666666667,2.64467733,18,4,5,1,115,30,12,25,42,15,-0.001472267,59,1,0,0,0,0.1,0.13780399,2.151624967,3,0,0,0,0.5,0.402468327,1.903728857
44,180,120,120,150,180,147.9545455,0.158233039,15,110,0,0,0,0,10.68181818,2.294422154,61,9,1,10,65,15,5,25,33,15,-1.40E-06,338,1,0,0.202564103,0.233511586,0.288888889,0.264870789,0.485302059,20.7,0,4,6.416666667,9.487179487,6.907355724,0.577228219
57,240,180,180,210,240,215.2631579,0.11710445,31,70,0,0,0,0,3.070175439,4.055734162,11,2,4,8,20,10,6,10,46,15,-5.98E-07,553,0.952380952,0.339074254,0.441659195,0.466982622,0.500636618,0.476691704,0.126396915,158.0086022,2,43.18604651,69.23870968,95.21904762,70.45351199,0.482952959
64,240,120,180,210,240,202.96875,0.147209391,31,40,0,0,0,0,1.09375,5.626105334,27,3,3,3,15,15,9,5,28,10,-1.35E-05,168,0.866096866,0.522877358,0.630857648,0.667474747,0.716083916,0.673413727,0.096348143,84.72727273,10.71428571,40.84615385,59.14285714,71.26785714,55.19251675,0.35719592
32,240,180,180,210,240,205.3125,0.127117908,17,90,0,0,0,0,5,3.905124838,51,22,21,3,20,10,4,35,17,10,-1.06E-07,918,1,0.169937016,0.221203953,0.24180791,0.270886076,0.259138419,0.30791526,71.81005587,1,12.17391304,20.07692308,29.86567164,22.28138779,0.596389961
65,210,120,120,150,180,146.7692308,0.176100629,23,0,0,0,0,0,0,0,43,24,7,14,35,10,8,20,28,10,-3.69E-07,628,0.866666667,0,0.358488375,0.380672269,0.408584052,0.390401685,0.153801945,121.8495146,0,30.2,47.69924812,68.52222222,50.14890664,0.520745575
76,210,120,120,150,180,149.6052632,0.164246697,27,0,0,0,0,0,0,0,62,11,11,11,25,20,22,30,49,15,-2.53E-07,573,0.808823529,0.396108826,0.474955253,0.503804797,0.537909992,0.51094994,0.108727679,176.013544,4,53.95959596,84.63225806,113.6460905,84.26056643,0.466797881
25,240,120,120,150,180,160.8,0.210283624,10,100,0,0,0,0,7.2,3.037065266,3,17,5,3,75,10,5,20,11,10,-0.414201183,38,1,0,0,0,0,0.089347079,2.595028246,2,0,0,0,0,0.240893471,2.166530148
72,240,120,180,210,240,205,0.140111284,38,0,0,0,0,0,0,0,15,2,1,7,25,20,19,15,50,15,-7.82E-08,581,1,0.452700248,0.550273284,0.581893382,0.616416263,0.585815944,0.094280001,222.5762004,4.4,83.63636364,128.0092593,161.3082192,122.2993841,0.418707054
80,210,120,120,150,180,151.125,0.16739727,29,225,0,0,0,0,12.5625,2.75964279,10,3,46,10,10,10,19,35,57,15,-6.70E-08,982,1,0,0.196661829,0.211527035,0.23654455,0.22624684,0.287106857,59.374613,0,10.6122449,17.29268293,26.12080537,19.4458295,0.58487027
10,180,120,150,150,180,156,0.143909899,4,30,0,0,0,0,4,2.291287847,9,5,9,4,30,15,1,25,6,10,-2.45E-05,190,1,0,0,0.095238095,0.2,0.1645111,1.501854068,2.666666667,0,0,0.5,1,0.657892108,1.077875653
68,240,120,150,180,180,162.7941176,0.179660694,26,85,0,0,0,0,3.897058824,4.20289107,4,17,3,8,20,20,11,25,47,15,-7.47E-07,617,1,0,0.098850575,0.123809524,0.166666667,0.152894289,0.796768846,10.93913043,0,2,2.666666667,3.652173913,2.845909799,0.50567822
25,240,180,180,210,240,208.8,0.131557737,14,70,0,0,0,0,6.6,2.541844482,10,1,35,1,20,15,3,5,18,15,-9.88E-06,200,0.666666667,0.325517639,0.427884615,0.456445993,0.503962704,0.466941765,0.126158328,55.64,2.5,17.31428571,26.83870968,36.10666667,27.40181801,0.455674205
63,240,120,180,210,210,201.4285714,0.128445179,34,105,0,0,0,0,3.333333333,4.773438413,53,4,6,6,25,10,12,30,39,15,-1.40E-07,884,1,0.284589832,0.343495101,0.364007317,0.390744467,0.375139003,0.162677128,164.2083333,2,36.42718447,59.30985915,86.18644068,62.8785271,0.522697
80,240,150,180,210,240,204,0.144087632,41,20,0,0,0,0,0.25,8.888194417,11,10,23,9,130,20,17,15,60,15,-3.44E-05,177,1,0,0,0,0.166666667,0.141129032,2.052024028,3,0,0,0,0.666666667,0.404121864,1.687256186
45,240,180,180,210,240,212,0.109206009,25,65,0,0,0,0,5.222222222,2.63915566,3,1,8,1,15,10,7,20,22,10,-1.18E-04,93,1,0,0.391304348,0.432396839,0.49197861,0.449018908,0.222754765,33.49565217,0,9.92,15.44827586,20.11538462,15.9035786,0.449004201
68,240,150,180,210,240,207.3529412,0.130673639,35,235,0,0,0,0,15.44117647,2.470891767,1,2,2,13,30,15,10,35,40,10,-7.10E-06,296,1,0.53374296,0.635338161,0.666562049,0.711792702,0.675359437,0.093113074,161.3694915,2,72.48543689,113.5813953,135.5714286,102.557763,0.398076549
73,240,120,150,150,180,156.5753425,0.182862608,27,90,0,0,0,0,2.808219178,4.742758029,9,5,41,1,50,10,22,15,40,10,-5.45E-06,262,1,0,0,0.035714286,0.123809524,0.09855828,1.767447659,2,0,0,0.333333333,0.833333333,0.446243854,1.177880439
51,240,180,180,210,240,207.0588235,0.125900681,27,95,0,0,0,0,8.039215686,2.638940984,17,5,9,8,20,15,8,30,37,15,-3.10E-08,886,1,0,0.25625367,0.28,0.311111111,0.293091257,0.237362963,90.20240964,0,15.64912281,26.69662921,39.55072464,29.1253223,0.588196825
15,240,180,180,210,240,210,0.116642369,8,30,0,0,0,0,2,3.741657387,47,4,24,10,10,25,1,20,12,15,-5.45E-07,657,1,0,0.128205128,0.146750524,0.172905526,0.163478256,0.484887115,19.09219858,0,3.52,5.333333333,7.725490196,5.992128049,0.569262607
12,180,120,150,180,180,162.5,0.118171473,4,30,0,0,0,0,2.5,3.31662479,21,1,3,5,25,5,1,5,8,15,-2.21E-07,905,1,0,0.096969697,0.12605042,0.169960474,0.157563604,0.763422753,9.772357724,0,2.4,3.230769231,4.166666667,3.392739477,0.45367546
78,240,180,180,210,240,211.5384615,0.111013364,41,170,0,0,0,0,10.19230769,2.869558455,10,10,1,10,15,10,15,5,51,15,-6.55E-07,673,1,0,0.027777778,0.083333333,0.163636364,0.131436698,1.457509502,3,0,0.285714286,0.727272727,1.2,0.796104524,0.800745584
61,240,120,180,210,240,207.5409836,0.134216135,32,130,0,0,0,0,8.93442623,2.769791473,16,3,2,14,40,15,7,20,35,10,-1.39E-06,407,0.8,0.25802933,0.308860759,0.33122807,0.365853659,0.346062892,0.182233171,62.5814978,1,14.51162791,23.63636364,33.20792079,24.95204713,0.509171321
71,240,180,180,210,240,209.5774648,0.113942509,38,0,0,0,0,0,0,0,9,2,12,14,30,5,17,20,29,10,-8.16E-08,956,1,0,0.189801357,0.207490637,0.234482759,0.220668292,0.27726207,54.12121212,0,9.743589744,15.52112676,23.01785714,17.35016795,0.571955425
80,240,120,180,210,240,210,0.1373956,43,0,0,0,0,0,0,0,8,12,66,14,10,20,9,15,61,15,-7.38E-07,519,1,0.473111604,0.57132875,0.603992697,0.635703771,0.607552566,0.102367913,220.0351648,4,90.56296296,129.1826923,163.415493,125.5999101,0.40187589
65,210,120,120,150,180,154.6153846,0.177605669,25,120,0,0,0,0,12.69230769,2.270989234,20,1,2,0,25,15,15,25,26,10,-0.485321377,2,0.8,0,0.255411255,0.304347826,0.378787879,0.321498139,0.359281589,12.46153846,0,3.454545455,4.75,6.75,5.022991547,0.495059516
71,240,120,180,210,240,209.1549296,0.129576709,39,165,0,0,0,0,5.563380282,4.493795684,31,1,1,10,40,10,26,5,42,10,-4.39E-07,632,1,0,0.499000154,0.533537718,0.564750958,0.535416304,0.114592888,215.3228963,0,75.49618321,111.3300971,147.5466667,110.4217269,0.442393065
68,240,120,120,150,150,150,0.15718105,24,105,0,0,0,0,7.5,2.861737669,63,26,3,15,50,10,15,20,32,10,-1.74E-06,430,1,0,0.129032258,0.163636364,0.218181818,0.19045271,0.601392289,11.06,0,2.4,3.5,4.85,3.772387679,0.493223112
68,240,150,180,210,240,205.5882353,0.13304721,36,125,0,0,0,0,8.897058824,2.536893945,46,2,1,4,45,15,26,20,45,15,-1.61E-07,805,1,0.341046884,0.408331855,0.433347591,0.462379151,0.441427284,0.140440348,192.6914894,2,53.13043478,78.89142857,111.3431734,83.28222953,0.500520969
75,240,120,180,210,210,196,0.175557659,36,55,0,0,0,0,1.8,5.144816401,64,12,3,6,65,20,17,35,48,15,-1.42E-07,676,1,0,0.067532468,0.091503268,0.138888889,0.122250568,1.032200423,4.939393939,0,1,1.578947368,2.133333333,1.615134911,0.562050415
58,240,150,180,210,240,203.7931034,0.154050669,28,105,0,0,0,0,9.051724138,2.577576425,1,2,5,0,40,15,21,25,34,10,-0.00100245,38,1,0,0.066666667,0.166666667,0.266666667,0.188971766,1.033194687,5,0,0.4,1,1.714285714,1.119598869,0.860458618
76,240,120,180,210,240,206.0526316,0.150013578,40,0,0,0,0,0,0,0,25,1,17,6,15,15,9,0,39,10,-2.66E-07,705,0.866666667,0.31498338,0.398312339,0.423449969,0.452438479,0.430406192,0.119265968,160.7450199,2,40.81578947,67.74233129,94.06866953,68.86593423,0.514304016
31,180,120,120,150,180,150,0.160643866,11,0,0,0,0,0,0,0,30,2,11,4,25,15,5,5,21,15,-2.00E-05,174,1,0,0.380840435,0.405315615,0.452525253,0.423368684,0.196130006,46.99310345,0,12.51851852,20.66666667,28.14492754,20.69405253,0.478400971
49,240,120,180,210,240,209.3877551,0.134184724,27,140,0,0,0,0,9.489795918,3.109330875,19,1,2,2,30,10,7,5,29,10,-3.39E-07,808,1,0.297478992,0.362702104,0.385758998,0.413661814,0.39386763,0.141745464,170.3368794,1.333333333,38.97777778,60.93589744,91.42735043,66.08341885,0.52930757
80,240,120,120,150,180,156.375,0.191110699,29,165,0,0,0,0,9.25,2.80886107,16,50,6,4,80,10,14,30,59,15,-3.61E-07,591,1,0,0.073684211,0.108262108,0.183823529,0.148461446,0.969688555,4,0,0.909090909,1.454545455,2,1.423073458,0.55071287
71,240,150,180,210,240,202.3943662,0.150747459,38,0,0,0,0,0,0,0,32,1,3,3,30,10,10,15,30,10,-3.52E-07,679,0.835164835,0.394732667,0.499420996,0.533833249,0.564417178,0.534934968,0.100958851,230.0513761,6.545454545,73.43262411,116.6019417,155.6075949,114.7780894,0.454651903
53,240,120,180,210,240,207.7358491,0.142629453,28,0,0,0,0,0,0,0,19,9,2,10,35,10,10,5,26,10,-5.73E-07,539,1,0.189247312,0.245505452,0.267054469,0.300403226,0.290983779,0.329278908,53.5625,1.5,11.05,17.8630137,26.61538462,19.25214324,0.532859049
75,240,150,180,210,240,205.2,0.130851356,40,130,0,0,0,0,7.333333333,2.929615099,19,6,4,8,15,15,18,30,51,15,-3.23E-07,762,1,0,0.477072613,0.505128205,0.533294187,0.508551806,0.114288868,240.7326121,0,76.54166667,115.7876106,156.6559486,116.6191732,0.464416671
59,210,120,120,150,180,154.0677966,0.169894887,21,80,0,0,0,0,2.881355932,4.276960082,51,1,1,13,20,20,14,35,48,15,-6.34E-07,491,1,0,0.153107345,0.178494624,0.216666667,0.207604949,0.575703089,15.42608696,0,3.888888889,5.555555556,7.714285714,5.999748952,0.480489722
63,240,120,180,210,240,210.952381,0.121435464,33,115,0,0,0,0,3.571428571,5.102504832,6,10,5,7,120,20,11,10,26,10,-0.010362413,12,1,0,0,0.166666667,0.285714286,0.200172645,1.103913987,4.4,0,0,1.142857143,2.25,1.290311695,0.874696032
15,240,180,210,210,240,216,0.103934927,9,135,0,0,0,65,29,1.434526967,83,4,5,11,55,30,1,35,12,15,-2.59E-07,819,1,0,0.120430108,0.14229249,0.178571429,0.163843737,0.547032377,17.45679012,0,3.333333333,4.787878788,6.655172414,5.226468905,0.519691153
67,240,120,120,150,180,148.2089552,0.184661109,23,190,0,0,0,0,14.47761194,2.365142587,68,3,22,13,20,15,11,20,40,10,-6.83E-07,738,1,0,0.045454545,0.083076923,0.133333333,0.106735652,1.209101578,3.076923077,0,0.5,0.909090909,1.333333333,0.924006465,0.676392126
51,240,180,180,210,240,209.4117647,0.111655095,28,95,0,0,0,0,5.196078431,3.188400122,32,1,1,8,15,15,8,15,35,15,-1.13E-06,519,1,0.358148893,0.442213961,0.472933396,0.50704818,0.480118961,0.125901637,152.9295775,4,43.43209877,68.93706294,93.82242991,70.5370684,0.47104693
78,240,120,120,150,180,157.6923077,0.186389982,29,120,0,0,0,0,9.294871795,2.692032548,6,1,1,5,25,10,13,15,59,15,-2.19E-04,71,1,0.166666667,0.330049261,0.368253968,0.444444444,0.404596831,0.319109421,23.69230769,0.666666667,6.5,9.80952381,13.74358974,10.23278819,0.48077688
71,240,180,180,210,240,206.1971831,0.116929038,38,100,0,0,0,0,6.901408451,2.91415423,36,6,25,6,10,25,9,20,52,15,-2.39E-07,868,1,0.250665213,0.31795804,0.338179107,0.364342578,0.351572822,0.206421161,141.5956284,1.5,29.90243902,48.43870968,69.66949153,51.17919779,0.552558857
30,180,120,120,150,180,150,0.178885438,11,205,0,0,0,20,19.33333333,2.256316276,19,6,2,0,30,15,10,5,13,10,-0.081035869,3,0.666666667,0,0.284210526,0.323809524,0.37254902,0.338975196,0.294175073,15.86666667,0,4.75,6.315789474,9,6.838748892,0.487825572
72,240,120,180,210,240,208.3333333,0.131209756,41,130,0,0,0,0,8.472222222,2.920564384,51,9,38,3,50,25,17,30,30,10,-1.60E-07,695,1,0.31640078,0.39733085,0.422883908,0.454440099,0.433763524,0.152696119,152.8215768,3,37.09302326,59.86153846,86.05,62.49446917,0.532102921
76,240,180,180,210,240,205.2631579,0.123317073,43,110,0,0,0,0,8.355263158,2.52473657,50,3,6,7,40,15,12,35,57,15,-2.00E-07,868,1,0.352790898,0.450287391,0.477247008,0.50815357,0.483752757,0.122948648,242.3673469,3,68.92086331,109.3931624,153.6625767,111.9767845,0.488472244
27,240,180,180,210,240,208.8888889,0.113834758,15,0,0,0,0,0,0,0,16,37,1,6,10,15,3,30,12,10,-1.92E-07,573,1,0,0.25862069,0.284144819,0.31827957,0.299359013,0.264958654,58.7826087,0,10.71428571,17.96774194,27,19.87857268,0.591102827
64,240,120,120,150,180,161.71875,0.22148797,28,150,0,0,0,0,10,3.102418411,58,9,3,13,45,35,29,0,33,10,-8.70E-07,674,1,0,0,0.083333333,0.19047619,0.158047291,1.541430349,3,0,0,0.5,1,0.652822,1.031007422
69,240,150,180,210,240,203.9130435,0.133904635,37,0,0,0,0,0,0,0,16,7,5,11,10,15,16,20,43,15,-1.49E-07,903,1,0.201981037,0.251650943,0.271161049,0.297134238,0.286751916,0.269736552,87.86175115,1,17.67346939,28.6875,40.5974026,30.59167836,0.545692228
79,240,150,180,210,240,207.721519,0.118900275,43,90,0,0,0,0,6.582278481,2.88695418,29,3,7,13,25,10,14,35,37,10,-1.67E-07,913,0.833333333,0.36855105,0.460604672,0.489387069,0.516574586,0.491583387,0.096749186,266.7489115,7.5,78.71895425,124.3269962,170.9719101,127.1356614,0.471734645
62,240,180,180,210,240,208.5483871,0.116772432,33,65,0,0,0,0,2.5,4.395745744,29,1,27,0,20,15,7,15,49,15,-7.23E-08,957,1,0,0.383597884,0.407935758,0.433609729,0.413402434,0.122911842,199.722488,0,50.97674419,78.99459459,113.6453901,82.90689528,0.515606669
69,240,120,180,210,240,207.3913043,0.145154544,34,80,0,0,0,0,7.68115942,2.702332102,53,15,14,9,10,25,19,0,56,15,-2.79E-06,426,0.828571429,0.40706691,0.516017316,0.552158173,0.584643427,0.554098606,0.107227972,166.7340426,9,62.17475728,89.47560976,116.1497797,88.8924443,0.404317567
45,240,120,180,180,210,196,0.153400983,21,0,0,0,0,0,0,0,4,1,4,9,75,10,8,35,24,10,-1.91E-06,245,1,0.166666667,0.304812834,0.34280303,0.39,0.363095958,0.300283631,34.608,0.666666667,8.3,12.86666667,17.90697674,13.58091622,0.514506593
55,240,150,180,210,240,202.9090909,0.138016104,28,40,0,0,0,0,0.727272727,7.348469228,21,9,17,1,15,15,9,5,35,15,-1.01E-06,356,0.911111111,0.480274296,0.584621589,0.616938501,0.662647638,0.627628787,0.102273741,149.4064516,6.571428571,63.34736842,90.54166667,116.9452736,87.81251098,0.414123795
24,240,150,180,210,240,203.75,0.169906533,12,145,0,0,0,0,10,3.145764348,13,9,4,11,20,20,5,0,18,15,-1.70E-07,786,1,0,0.185858586,0.202651515,0.227922078,0.217770249,0.295283392,45.02024291,0,7.882352941,12.61818182,19.36082474,14.25656735,0.576914112
69,240,120,120,150,180,153.4782609,0.186882975,25,155,0,0,0,0,8.695652174,2.939529441,31,5,13,2,135,15,6,5,38,10,-3.48E-06,268,1,0,0,0.095238095,0.178571429,0.154470683,1.43837377,3.5,0,0,0.666666667,1.307692308,0.79275757,0.905078263
76,240,180,180,210,240,209.6052632,0.112538314,40,130,0,0,0,0,9.802631579,2.602737867,28,13,1,15,35,15,24,20,44,10,-1.37E-06,413,1,0.450557877,0.547619048,0.581395349,0.616892911,0.58685517,0.11130696,163.3531157,3,60.37254902,94.25149701,123.1842105,90.25495914,0.439725865
66,240,180,180,210,240,207.2727273,0.117442349,35,120,0,0,0,0,8.939393939,2.699175824,9,12,18,5,20,15,12,20,53,15,-5.20E-07,503,1,0.326589477,0.425748329,0.453228246,0.488603156,0.464257358,0.142537267,126.6557377,3.2,34.36619718,55.9122807,76.40243902,56.36425374,0.505305721
78,210,120,120,150,180,153.0769231,0.176381194,29,190,0,0,0,0,3.974358974,5.769956997,53,12,1,11,95,20,12,15,46,10,-2.96E-07,783,1,0,0.212441315,0.231016731,0.260443308,0.248131394,0.279600346,61.69230769,0,10.60606061,16.88135593,25.34453782,18.98256693,0.583088669
50,240,150,180,210,240,210.6,0.140989664,25,170,0,0,0,0,11.7,2.594703439,14,3,6,14,10,10,12,5,31,15,-2.97E-06,417,0.8,0.334972571,0.403797758,0.430729702,0.462936047,0.440889295,0.134582538,111.9184953,3.5,30.83076923,48.91891892,66.55172414,49.58391986,0.492294784
68,240,180,180,210,240,209.1176471,0.109947799,37,0,0,0,0,0,0,0,4,11,8,4,25,15,13,20,29,10,-2.54E-06,418,1,0.406819711,0.496219471,0.526936988,0.563186813,0.536340851,0.119205726,153.2869081,2,49.44827586,78.3875,105.2828283,77.6609718,0.461449551
69,240,180,180,210,240,207.3913043,0.114826532,36,55,0,0,0,0,1.739130435,4.865910329,63,14,6,13,20,10,5,15,33,10,-1.68E-07,801,1,0,0.119512195,0.134972678,0.163636364,0.155827941,0.542133266,17.73856209,0,3.294117647,5,7.409090909,5.602824815,0.550785353
76,240,120,120,150,180,156.7105263,0.207392148,32,60,0,0,0,0,2.828947368,4.048048358,10,1,1,5,150,10,21,10,61,15,-0.00332396,25,1,0,0.054545455,0.116666667,0.194444444,0.154624194,1.174725056,3.2,0,0.4,1,1.6,0.969453631,0.750961533
70,180,120,120,150,180,151.2857143,0.155188056,25,115,0,0,0,0,3,5.026911703,20,20,14,1,30,30,9,25,53,15,-2.40E-06,261,1,0,0.177777778,0.210526316,0.252631579,0.235329656,0.600851081,15.5106383,0,2.8,4.636363636,6.48,4.875308139,0.569964847
70,240,150,180,210,240,201.8571429,0.14193329,36,125,0,0,0,0,11.35714286,2.410118367,30,1,1,2,30,10,8,5,37,10,-3.19E-07,888,1,0.33942913,0.442636126,0.467247423,0.499425287,0.47347542,0.122953001,248.0225352,5,73.18518519,109.4771784,151.1711712,113.5897619,0.476138132
56,240,120,120,150,180,151.6071429,0.180972552,20,95,0,0,0,0,7.678571429,2.822205851,10,7,1,0,30,10,7,35,28,10,-1.20E-05,266,1,0,0,0,0.166666667,0.117215007,2.010823911,3,0,0,0,0.666666667,0.413258637,1.565290051
65,240,180,210,210,240,211.8461538,0.105028068,34,20,0,0,0,0,0.538461538,5.67126664,20,19,20,7,15,10,10,35,51,15,-1.58E-07,904,1,0.281057792,0.353677134,0.375213383,0.406403047,0.386306704,0.155089879,178.7527559,2,39.78571429,65.95454545,92.01449275,67.58194659,0.52730394
77,240,120,180,210,240,203.3766234,0.139886102,38,0,0,0,0,0,0,0,63,5,2,3,25,10,12,20,44,10,-5.70E-07,596,1,0.426318595,0.538874865,0.574447392,0.609292448,0.576804143,0.107036726,229.3594041,3.5,82.79710145,125.8709677,164.9180328,123.6669074,0.425819049
27,240,180,180,210,240,207.7777778,0.123805742,14,65,0,0,0,0,2.407407407,5.099019514,8,12,11,7,25,10,3,25,21,15,-9.17E-05,106,0.945454545,0,0.574581431,0.621212121,0.67987013,0.63155955,0.157025791,62.76422764,0,27,39.10344828,49.44827586,37.50560588,0.391351379
75,180,120,120,150,180,148,0.159894048,26,170,0,0,0,0,10.53333333,3.036563491,5,2,4,2,20,20,14,10,54,15,-1.26E-06,280,1,0.411640872,0.516616878,0.554261761,0.592162554,0.562846208,0.13437154,96.72961373,2,35.11111111,51.2,69.13114754,51.84387897,0.423377761
33,240,180,180,210,240,209.0909091,0.124806088,18,80,0,0,0,0,2.424242424,5.656854249,82,1,1,13,45,20,4,35,14,10,-2.96E-07,883,1,0,0.111742424,0.133333333,0.175,0.162060976,0.643232649,16.01069519,0,3.25,4.512820513,6.253968254,4.894080591,0.467857622
33,240,180,180,210,240,213.6363636,0.11338649,18,50,0,0,0,0,5.303030303,2.74583172,1,6,1,0,20,10,6,15,16,10,-1.78E-06,367,1,0.304211725,0.381550892,0.415421957,0.452982456,0.430645047,0.205004869,84.39183673,2,21.45454545,34.81481481,48.26771654,35.98684675,0.4889793
69,240,180,180,210,240,208.2608696,0.114727613,37,80,0,0,0,0,4.275362319,3.507205207,27,15,10,12,25,25,27,20,50,15,-3.50E-07,709,1,0,0.291779043,0.311818703,0.338938581,0.325753624,0.231229771,98.9138756,0,21.09090909,33.90740741,48.78313253,35.70300635,0.54985809
64,180,120,120,150,180,154.6875,0.161603535,22,0,0,0,0,0,0,0,10,9,5,4,30,15,10,25,48,15,-6.01E-06,295,1,0.471980292,0.561457286,0.596896491,0.636970781,0.604379281,0.101818414,134.1021898,3,52.87058824,81.5483871,103.1727749,77.26510876,0.409736658
39,180,120,150,150,180,154.6153846,0.142639514,14,80,0,0,0,0,2.051282051,6.164414003,3,2,25,5,15,15,11,25,21,10,-2.63E-05,134,1,0.423238381,0.480952381,0.507936508,0.54925776,0.522102454,0.137586797,49.09565217,2,17.38461538,25.79591837,33.44615385,25.45103508,0.396794681
49,240,120,180,210,240,208.1632653,0.137827935,25,0,0,0,0,0,0,0,87,1,1,2,15,20,15,30,32,15,-4.61E-07,591,1,0,0.418559901,0.447574335,0.486742035,0.457761142,0.138655032,146.7772512,0,35.34246575,60.19402985,90.01932367,63.24376971,0.534923912
75,240,180,180,210,240,214.4,0.113545702,40,105,0,0,0,0,4.066666667,4.456604941,72,2,1,14,15,10,7,5,33,10,-7.71E-07,600,0.863636364,0.448598199,0.544691513,0.577499848,0.608333333,0.580231106,0.094483152,240.2462121,9,91.1369863,135.4596774,178.6853583,132.6968756,0.419681867
69,240,120,180,210,210,198.2608696,0.165392172,34,250,0,0,0,0,7.463768116,4.2942045,70,3,10,14,20,15,13,30,50,15,-6.88E-08,961,1,0.287093942,0.356740482,0.376752198,0.399378399,0.384659473,0.129158388,189.7867079,1,44.10619469,70.6875,98.54263566,72.62103529,0.519542016
42,180,120,120,150,180,150,0.179947082,14,120,0,0,0,0,9.761904762,2.333701566,18,59,6,12,25,30,7,30,30,15,-1.99E-07,837,0.666666667,0.147058824,0.216931217,0.235615079,0.258467023,0.24751054,0.225367655,69.66759003,1,11.86046512,19.22891566,28.52380952,21.17189367,0.581992304
25,240,150,180,210,210,198,0.154515743,12,105,0,0,0,0,12.8,2.315137854,5,7,65,7,25,50,6,30,13,10,-3.27E-07,843,1,0,0.181538462,0.198906357,0.225641026,0.215846676,0.357533113,49.30744337,0,7.941176471,13.49333333,20.05172414,15.06014465,0.590275677
70,240,150,180,210,240,209.5714286,0.122169955,36,125,0,0,0,0,7.928571429,2.978005568,37,8,44,6,50,20,7,25,56,15,-1.90E-07,894,0.805555556,0,0.342205165,0.364143921,0.390930562,0.371419463,0.130677376,169.0779661,0,37.89361702,60.30872483,85.00877193,63.63468845,0.523135482
59,240,180,180,210,240,208.9830508,0.118098891,30,65,0,0,0,0,4.237288136,3.357379931,35,6,3,0,25,10,9,35,41,15,-2.47E-06,332,0.801470588,0.469554979,0.563266444,0.599944087,0.63927377,0.601996137,0.093995032,141.0884354,8,57.68888889,84.11290323,106.5505618,81.16833571,0.38996458
52,240,180,180,210,240,210,0.115515363,27,190,0,0,0,0,4.230769231,6.225115751,48,15,4,13,20,15,8,35,38,15,-6.34E-07,677,1,0,0.071428571,0.102564103,0.166666667,0.144417076,1.040668962,5,0,0.923076923,1.333333333,1.818181818,1.37809882,0.536450971
44,240,150,180,210,210,205.2272727,0.120474846,24,10,0,0,0,0,0.227272727,6.557438524,60,11,29,3,15,15,7,30,35,15,-1.59E-07,873,1,0,0.199566454,0.219522592,0.244264507,0.234396981,0.318338059,61.16426513,0,10.11428571,15.8630137,24.24,18.07708736,0.595368153
55,240,150,180,210,240,207.2727273,0.133148533,28,75,0,0,0,0,2.818181818,4.181620754,13,14,6,5,20,10,17,20,28,10,-5.32E-07,527,1,0,0.396404597,0.42426557,0.457983193,0.433710952,0.156809524,117.9245283,0,31.72972973,47.68421053,69.40606061,50.25662583,0.513202338
69,240,150,180,210,240,206.5217391,0.124975344,35,240,0,0,0,0,8.695652174,3.740098038,33,4,33,10,25,15,8,15,48,15,-3.22E-06,332,0.879120879,0.481756231,0.59281768,0.625921869,0.660166878,0.629018658,0.092971039,158.4147157,5.25,67.86,100.6792453,121.0430622,93.37640641,0.395557472
57,240,180,180,210,240,210.5263158,0.114782403,31,145,0,0,0,0,12.28070175,2.78974068,91,1,1,14,50,10,9,30,32,10,-9.23E-07,642,1,0,0.163508772,0.182539683,0.210826211,0.204395585,0.48315525,32.68518519,0,6.333333333,9.583333333,13.82278481,10.4925095,0.547346014
77,240,120,180,210,240,204.1558442,0.160691103,39,150,0,0,0,0,12.27272727,2.108835681,6,3,2,1,60,30,11,5,53,15,-6.56E-07,564,0.791666667,0.44865299,0.545348788,0.576564322,0.610067526,0.579727987,0.093037618,220.7372709,4.857142857,82.96,125.3869347,162.3114187,122.6114467,0.419981603
80,210,120,120,150,180,150.375,0.168379968,28,155,0,0,0,0,7.3125,3.16113396,8,6,9,4,25,10,10,20,44,10,-4.24E-07,754,1,0,0.144635545,0.166666667,0.204301075,0.192640767,0.548081804,23.97927461,0,4.782608696,7.025641026,10.33898305,7.84539935,0.530036574
60,180,120,120,150,180,151,0.16609187,20,0,0,0,0,0,0,0,25,3,48,13,20,5,9,5,39,15,-2.49E-07,794,1,0,0.142497754,0.160479726,0.192513369,0.178673199,0.450154754,29.96015936,0,5,7.538461538,10.88235294,8.346049032,0.576006212
69,180,120,120,150,180,149.1304348,0.164147968,23,130,0,0,0,0,9.637681159,2.941820004,79,1,3,11,25,15,8,30,45,15,-2.83E-07,651,0.836363636,0.357770599,0.468816821,0.500659092,0.533396559,0.505668472,0.113234213,190.6917293,4.857142857,57.61904762,90.69473684,124.9105691,92.56186883,0.467947622
71,240,180,180,210,210,202.3943662,0.121157563,38,95,0,0,0,0,6.056338028,2.746599254,38,20,2,13,35,15,7,35,47,15,-3.79E-07,787,1,0,0.094716495,0.112605042,0.14379085,0.132967735,0.612782516,13.83116883,0,2.222222222,3.2,4.583333333,3.567523868,0.552100565
46,240,180,180,210,210,205.4347826,0.113799672,25,175,0,0,0,0,22.06521739,2.102779049,59,8,29,13,30,10,5,35,29,15,-3.03E-07,853,1,0,0.179448033,0.198906357,0.232506479,0.218823115,0.390936635,48.67251462,0,8.130434783,13.39285714,19.52830189,14.72635509,0.578480035
43,210,120,120,150,180,155.5813953,0.167667436,16,75,0,0,0,0,1.744186047,6.480740698,1,1,3,7,20,5,12,20,30,15,-3.73E-05,125,1,0.333333333,0.454658385,0.499453552,0.552688172,0.515547476,0.180365656,44.35897436,1,12.70588235,22.09090909,30.65454545,22.29773894,0.466738192
80,240,120,120,150,180,155.25,0.197477618,31,110,0,0,0,0,11.125,2.368602221,59,20,11,9,45,10,11,30,61,15,-1.90E-07,672,1,0,0.154341737,0.17182934,0.2,0.188723071,0.358985525,25.62162162,0,4.5,7.333333333,10.61333333,8.022673628,0.560831474
40,240,150,180,210,240,208.5,0.128493317,21,50,0,0,0,0,5.375,2.533816716,9,8,2,12,20,15,7,20,28,15,-4.04E-07,743,0.733333333,0,0.277087953,0.297160812,0.323232323,0.30633562,0.164849896,98.22222222,0,18.5,30.73394495,43.57480315,33.0670159,0.554776979
38,180,120,120,150,180,153.1578947,0.15429515,14,80,0,0,0,0,2.894736842,4.682480094,39,1,2,12,30,45,10,20,30,15,-1.99E-07,729,0.761904762,0.244444444,0.311454887,0.331061344,0.362318841,0.342429735,0.148232829,112.75,2,24.48571429,38.5,54.76243094,40.78602475,0.536518524
63,240,120,180,210,240,201.9047619,0.154836298,32,135,0,0,0,0,6.26984127,3.721432876,25,1,19,10,15,15,7,30,38,15,-1.40E-07,533,0.866666667,0.414879271,0.511378725,0.54076187,0.57629108,0.54611743,0.106326958,171.9398496,3.5,55.63265306,89.20253165,120.3375527,88.20748349,0.464702076
