65,240,150,180,210,240,208.15384615384616,0.12353337718123396,33,150,0,0,0,0,11.153846153846153,2.420778070887518,5,11,28,2,80,15,11,10,38,10,-6.368380993462165E-7,626,1.0,0.0,0.28110599078341014,0.30210501966227155,0.3368421052631579,0.3179731981678219,0.22085593538603973,78.40588235294118,0.0,16.650000000000002,27.546391752577318,39.839506172839506,29.310076962840096,0.5603798424972779,11886.0,710,200822,11886.0,710,710,804,13056.0,710,710,22093,12179.0,710
14,240,180,210,240,240,222.85714285714286,0.09805806756909198,9,50,0,0,0,0,5.357142857142857,2.6034165586355518,2,3,2,15,60,20,2,15,8,10,-0.08877714489142186,4,1.0,0.0,0.23636363636363636,0.28,0.3246753246753247,0.3203419371226718,0.6200624118935161,10.272727272727273,0.0,2.8571428571428568,4.2105263157894735,6.105263157894737,4.489433298362629,0.5239932970094073,606.0,107,13689,606.0,107,107,109,846.0,107,107,2807,684.0,107
53,210,120,120,150,180,156.79245283018867,0.1688666507368448,20,0,0,0,0,0,0.0,0.0,4,1,1,10,20,15,5,10,33,15,-1.6992461553436785E-6,409,1.0,0.38775470219435737,0.4727799420637299,0.5026178010471204,0.5392358727979867,0.5127431400257355,0.1326902113538101,129.4796238244514,5.0,41.66265060240964,65.3225806451613,87.34042553191489,64.41470564475388,0.4719294805626164,0.0,0,0,0.0,0,0,0,0.0,0,0,0,0.0,0
41,240,120,120,150,180,157.3170731707317,0.18732121456374207,16,45,0,0,0,0,1.951219512195122,4.452000954627032,23,5,15,14,15,15,8,35,23,10,-5.6115305730214446E-6,211,1.0,0.0,0.0,0.08888888888888889,0.17857142857142858,0.1365684484005451,1.52490600744618,3.0,0.0,0.0,0.6666666666666666,1.2000000000000002,0.7411593470066503,0.991046928348823,0.0,0,0,0.0,0,0,0,0.0,0,0,0,0.0,0
34,240,180,180,210,240,209.11764705882354,0.12294347919268744,17,70,0,0,0,0,7.794117647058823,2.212379809504307,34,11,1,12,45,10,5,30,19,10,-4.950372515531794E-5,195,1.0,0.0,0.0,0.0,0.0,0.0952791461412151,2.480605672092494,2.0,0.0,0.0,0.0,0.0,0.26964969896004376,2.1043303891379326,3.0,232,9207,3.0,232,232,237,98.0,232,232,2673,44.0,232
61,240,120,180,210,240,206.0655737704918,0.1249740091798191,32,165,0,0,0,0,3.360655737704918,6.390616261726258,20,19,18,10,80,20,14,20,38,15,-9.394524758236605E-6,234,1.0,0.0,0.12380952380952381,0.16483516483516483,0.2222222222222222,0.2010197350286847,0.7799156474554567,6.409090909090909,0.0,1.6363636363636362,2.5,3.2,2.49479408212468,0.5080058422934599,341.0,306,108172,341.0,306,306,316,938.0,306,306,6454,446.0,306
33,240,180,180,210,240,211.8181818181818,0.1204778441855639,18,0,0,0,0,0,0.0,0.0,26,4,2,4,10,30,2,20,24,15,-6.672416633262547E-7,733,1.0,0.0,0.21481481481481482,0.2337092731829574,0.25811965811965815,0.2470772416819177,0.2786288620233842,69.71581769436997,0.0,12.585365853658535,19.17808219178082,28.512820512820515,21.211177104795095,0.5610533861713237,10795.0,853,204305,10795.0,853,853,12863,12600.0,853,853,26646,11362.0,853
52,240,120,120,150,180,150.0,0.17541160386140583,18,50,0,0,0,0,1.4423076923076923,5.280993172584953,16,10,17,5,20,10,9,15,21,10,-8.727246043596512E-6,205,0.6666666666666666,0.0,0.2351233671988389,0.2689655172413793,0.329004329004329,0.2840710256224732,0.3140499552976923,21.542857142857144,0.0,4.461538461538462,6.869565217391305,9.473684210526315,7.19219848060386,0.5369497460313126,0.0,0,0,0.0,0,0,0,0.0,0,0,0,0.0,0
38,240,150,180,210,210,201.31578947368422,0.127496221231442,20,165,0,0,0,0,8.026315789473685,3.446406975783685,54,16,4,13,15,25,8,15,20,10,-3.2767408396970164E-7,840,1.0,0.0,0.18136589778380824,0.19913419913419914,0.22759601706970128,0.21785538900791696,0.37164023895625214,51.15501519756839,0.0,7.828571428571429,12.641509433962264,19.825242718446603,14.44529383715493,0.6029805648463066,19447.0,953,249263,19447.0,953,953,1063,21563.0,953,953,20398,20056.0,953
78,240,150,180,210,240,208.07692307692307,0.13330491483994686,40,90,0,0,0,0,2.5641025641025643,4.773887304912003,6,24,6,10,10,10,14,25,54,15,-2.1606512952029527E-7,660,1.0,0.0,0.14431372549019608,0.16809116809116809,0.20588235294117646,0.19072526807560292,0.4608002880198086,22.962962962962962,0.0,4.0,5.9411764705882355,8.692307692307692,6.637891317065544,0.5416050988622075,2881.0,668,236167,2881.0,668,668,690,3406.0,668,668,20654,3086.0,668
26,180,120,150,180,180,159.23076923076923,0.1456503713205926,11,0,0,0,0,0,0.0,0.0,4,1,17,15,15,5,3,20,21,15,-7.555355254692913E-7,596,1.0,0.0,0.0,0.07333333333333333,0.16666666666666666,0.13368887322069184,1.509361081098212,4.0,0.0,0.0,0.6666666666666666,1.0,0.6918276943478233,1.0089572055746876,8.0,613,69433,8.0,613,613,613,50.0,613,613,21478,15.0,613
75,210,120,120,150,180,146.0,0.16888805487586236,26,160,0,0,0,0,8.0,3.318194790344091,20,1,4,7,25,20,23,10,34,10,-0.48037696075391995,15,1.0,0.0,0.0,0.08333333333333333,0.19444444444444445,0.14651582872561528,1.4389050450276857,3.0,0.0,0.0,0.5714285714285714,1.3333333333333333,0.7200359375138137,1.1128514883008371,0.0,0,0,0.0,0,0,0,0.0,0,0,0,0.0,0
64,240,180,180,210,240,208.125,0.11359928119746389,35,145,0,0,0,0,6.484375,3.307245374901436,5,6,9,11,30,15,18,35,45,15,-2.0542401439210926E-7,829,1.0,0.0,0.15820524763235522,0.17696629213483145,0.21,0.1982213187925392,0.4301162578860735,34.12658227848102,0.0,6.0,9.071428571428571,12.816901408450704,9.977665979274969,0.5490061114156242,11577.0,857,238338,11577.0,857,857,867,12295.0,857,857,26031,11868.0,857
17,240,120,180,210,210,197.64705882352942,0.18813667415808463,9,95,0,0,0,0,15.588235294117647,2.1751370244459767,35,21,18,11,15,10,1,30,10,10,-4.526521341190168E-7,367,1.0,0.14904862579281183,0.19777895293495504,0.2224310776942356,0.2566137566137566,0.24150225083465196,0.3584661405240092,21.6260162601626,1.0,5.259259259259259,7.9375,11.580645161290324,8.676710847423347,0.5011167446554193,10541.0,369,127941,10541.0,369,369,101760,12835.0,369,369,104001,11505.0,369
48,240,150,180,210,210,200.0,0.1346291201783626,26,0,0,0,0,0,0.0,0.0,28,36,32,1,30,15,8,35,31,15,-2.1121422554690874E-6,414,1.0,0.0,0.11083743842364532,0.135632183908046,0.18333333333333332,0.17145576117346112,0.8066523308439854,8.029850746268657,0.0,2.0,2.8888888888888884,3.823529411764706,2.939742418771589,0.49206562512250235,835.0,501,180270,835.0,501,501,540,1571.0,501,501,9609,984.0,501
59,210,120,120,150,180,152.54237288135593,0.16706618781522226,23,40,0,0,0,0,1.7796610169491525,4.412412917565858,17,37,4,5,85,15,15,30,45,15,-9.37013924026911E-6,249,1.0,0.0,0.047619047619047616,0.10606060606060606,0.2,0.16671501212607728,1.3146594001238594,3.0,0.0,0.39999999999999997,1.0,1.3333333333333333,0.8902877256943375,0.7316062982940659,277.0,288,33784,277.0,288,288,317,929.0,288,288,2764,437.0,288
37,240,150,180,210,240,203.51351351351352,0.1459494747730215,19,100,0,0,0,0,7.162162162162162,2.809103849227055,1,3,2,15,30,15,5,0,28,15,-2.4893783068106195E-6,218,1.0,0.0,0.36363636363636365,0.4,0.4412191582002903,0.4125731781064509,0.19997029418196857,42.515625,0.0,11.933333333333334,17.85,24.7,18.479311921932002,0.4909069902438781,2328.0,225,37771,2328.0,225,225,225,2638.0,225,225,5424,2455.0,225
57,240,150,180,210,240,203.1578947368421,0.1355593311083019,29,200,0,0,0,0,4.12280701754386,6.4459307035273286,13,8,6,4,5,20,8,25,27,10,-1.2756226877304934E-4,85,1.0,0.0,0.3,0.34708392603129445,0.3862433862433862,0.35138111708520586,0.29808109609783673,19.555555555555557,0.0,5.052631578947368,7.800000000000001,12.133333333333335,8.713735858007965,0.5487878394822917,406.0,137,53351,406.0,137,137,152,490.0,137,137,3067,444.0,137
77,240,120,120,150,180,150.7792207792208,0.16342520207588537,27,175,0,0,0,0,11.03896103896104,2.936608216985916,8,4,28,5,30,25,14,25,41,10,-7.2012645420535845E-6,193,1.0,0.0,0.0,0.1282051282051282,0.26666666666666666,0.20650039261150369,1.3210976819810285,4.0,0.0,0.0,1.0,1.6,0.972204867442963,0.862559148780846,0.0,0,0,0.0,0,0,0,0.0,0,0,0,0.0,0
72,210,120,120,150,180,152.5,0.17271563529266784,26,35,0,0,0,0,0.4861111111111111,8.426149773176357,56,30,9,10,25,15,19,35,47,15,-2.760634787872046E-7,836,0.8,0.0,0.247562893081761,0.26825806451612905,0.29217548620533695,0.2787537290928974,0.1981948952817385,83.13265306122449,0.0,15.625,26.766355140186917,40.69281045751634,29.73697237700537,0.5859554962892813,0.0,0,0,0.0,0,0,0,0.0,0,0,0,0.0,0
75,240,120,180,210,240,203.6,0.14694115482369466,39,75,0,0,0,0,1.2666666666666666,7.004944830443872,4,14,6,13,10,15,15,30,35,10,-0.48944930747922294,7,1.0,0.0,0.125,0.16666666666666666,0.25274725274725274,0.21318262818484393,0.8991874017452444,3.6521739130434785,0.0,1.0,1.5555555555555556,2.333333333333333,1.5939305769887666,0.6582290936940252,0.0,0,0,0.0,0,0,0,0.0,0,0,0,0.0,0
21,180,120,150,150,180,160.0,0.1336306209562122,7,25,0,0,0,0,1.1904761904761905,4.47213595499958,51,4,9,14,20,20,4,15,11,10,-8.059761320860004E-6,238,1.0,0.0,0.16287878787878787,0.19202898550724637,0.25,0.2281963709171885,0.5854075749094462,11.529411764705882,0.0,2.5714285714285716,4.0,5.461538461538462,4.17875507581698,0.5293034388212505,3684.0,318,84980,3684.0,318,318,534,4246.0,318,318,4699,3854.0,318
46,240,120,180,210,240,206.7391304347826,0.14582869818708163,23,110,0,0,0,0,7.282608695652174,3.025730600563516,21,4,6,14,15,15,13,30,30,15,-7.5290670928721E-6,221,1.0,0.49745707454901106,0.6062415412785607,0.6467501490757305,0.6902732882750514,0.6546912844233689,0.11226407148330736,109.00952380952381,2.0,50.959999999999994,69.75471698113208,87.13669064748201,66.66810516030534,0.3775398595928009,19146.0,242,66096,19146.0,242,242,22802,20109.0,242,242,24080,19455.0,242
72,240,150,180,210,240,208.33333333333334,0.13552859476877918,36,0,0,0,0,0,0.0,0.0,47,7,5,6,20,10,15,30,32,10,-2.1832750956753313E-7,881,1.0,0.34200466488243,0.4298955173576003,0.4527796234772979,0.4771535580524345,0.4600068367601662,0.12897679481250066,234.01777777777778,4.0,68.60810810810811,104.39148936170213,143.04643962848297,106.53601236752075,0.4752455990708859,0.0,0,0,0.0,0,0,0,0.0,0,0,0,0.0,0
31,180,120,120,150,180,153.8709677419355,0.15456862550244665,11,120,0,0,0,0,8.064516129032258,3.3983525420415113,5,3,2,11,30,25,2,10,16,10,-1.280349394470496E-7,953,1.0,0.0,0.12598870056497175,0.14285714285714285,0.16996047430830039,0.15848622557764405,0.41638251711117774,26.70539419087137,0.0,4.166666666666667,6.468085106382979,9.466666666666667,7.231418041036537,0.5741732717422598,22621.0,981,249187,22621.0,981,981,1001,30784.0,981,981,19001,25356.0,981
28,240,180,180,210,210,207.85714285714286,0.1015346165133619,15,30,0,0,0,0,1.0714285714285714,5.196152422706631,8,3,1,2,95,20,7,20,13,10,-1.9566173998391584E-5,133,1.0,0.0,0.19,0.2222222222222222,0.2909090909090909,0.24398897710338505,0.47294581870841723,8.923076923076923,0.0,2.2857142857142856,3.3846153846153846,4.833333333333334,3.491576088783667,0.5049681496019817,439.0,147,39720,439.0,147,147,155,606.0,147,147,5188,488.0,147
69,240,150,180,210,240,207.82608695652175,0.15013284617580872,35,210,0,0,0,0,15.942028985507246,2.4266427510703577,26,5,1,5,25,10,13,25,50,15,-2.551020408163262E-5,134,1.0,0.0,0.47293447293447294,0.5163398692810458,0.5576441102756893,0.5183462956688742,0.1612044666311205,48.768,0.0,15.93103448275862,24.04255319148936,33.23529411764706,24.512214609045007,0.4402803106619577,1600.0,159,40429,1600.0,159,159,166,2046.0,159,159,4412,1694.0,159
60,210,120,150,150,180,153.5,0.15177195774881752,21,100,0,0,0,0,3.5833333333333335,4.28633104836041,6,29,6,8,30,15,14,30,39,15,-1.964358271735443E-7,805,1.0,0.2979559118236473,0.3554853413446597,0.3763440860215054,0.4063568010936432,0.3898102433579803,0.16729351670811535,152.31364562118128,2.0,33.01234567901235,54.94964028776979,81.44186046511628,58.48272718629294,0.5548171484782384,0.0,0,0,0.0,0,0,0,0.0,0,0,0,0.0,0
13,180,120,150,180,180,161.53846153846155,0.13702375780893486,5,100,0,0,0,0,7.6923076923076925,3.464101615137755,16,15,15,6,30,10,1,35,8,15,-1.428882561370226E-5,186,1.0,0.0,0.20168067226890757,0.23145071982281284,0.2676923076923077,0.24754024419392837,0.3762676668164416,16.271604938271604,0.0,3.6666666666666665,5.7142857142857135,7.953488372093023,5.91978524827761,0.4929682972852232,10884.0,229,52471,10884.0,229,229,4441,13414.0,229,229,5723,11982.0,229
39,180,120,120,150,180,147.69230769230768,0.16828640022295327,14,90,0,0,0,0,8.205128205128204,2.61642946111681,13,1,11,0,10,30,8,30,20,10,-1.6256784032180306E-5,159,1.0,0.0,0.175,0.21904761904761905,0.28888888888888886,0.24770318454095258,0.5596460820700422,10.620689655172415,0.0,2.0,3.0,4.571428571428572,3.345870942935293,0.5764353565241791,497.0,187,48497,497.0,187,187,192,711.0,187,187,3437,553.0,187
19,240,180,210,240,240,222.6315789473684,0.10079908087625458,11,0,0,0,0,0,0.0,0.0,32,1,1,8,40,10,1,30,11,10,-1.209616707290474E-7,675,1.0,0.0,0.16984126984126985,0.1891891891891892,0.21904761904761905,0.20944694015730153,0.4143017496104707,33.952606635071085,0.0,5.675675675675676,9.348837209302324,13.505882352941176,10.072475450025568,0.5737865043999449,0.0,0,0,0.0,0,0,0,0.0,0,0,0,0.0,0
12,240,180,210,210,240,217.5,0.0995431498602803,6,0,0,0,0,0,0.0,0.0,7,6,26,9,20,15,1,20,10,15,-4.9340752720594295E-6,234,1.0,0.0,0.045454545454545456,0.1,0.16666666666666666,0.1564034222622235,1.3806074091233882,3.5,0.0,0.5,1.0,1.5,0.9827494958801872,0.7576836397653747,79.0,246,35425,79.0,246,246,253,289.0,246,246,5690,146.0,246
67,240,120,120,150,180,150.44776119402985,0.1806427488749228,24,110,0,0,0,0,4.029850746268656,4.261754502588015,3,11,15,10,35,20,12,20,49,15,-2.008862908522084E-5,165,1.0,0.0,0.204644412191582,0.24431818181818182,0.2858974358974359,0.2647513884036959,0.44638555608710573,16.89156626506024,0.0,3.6842105263157894,5.6000000000000005,7.846153846153847,5.909220890540361,0.5337252942868644,0.0,0,0,0.0,0,0,0,0.0,0,0,0,0.0,0
44,240,120,180,210,240,201.13636363636363,0.15765445361672523,21,120,0,0,0,0,14.090909090909092,2.0832067252545245,29,3,38,6,15,20,5,25,25,10,-1.2665895043452755E-6,340,1.0,0.3062200956937799,0.35645933014354064,0.38653846153846155,0.42071611253196933,0.4020674603284977,0.19422563860303416,65.8118811881188,2.0,16.29268292682927,26.11111111111111,37.21212121212121,27.19415263272856,0.51133346510324,4889.0,348,61711,4889.0,348,348,353,5435.0,348,348,10711,5112.0,348
67,240,120,120,150,180,154.92537313432837,0.1757548646879858,24,120,0,0,0,0,7.91044776119403,3.2800897798755666,1,28,10,0,90,15,12,35,51,15,-5.781015146259684E-5,181,1.0,0.0,0.0,0.0,0.09523809523809523,0.11729399748880269,2.2249907546247654,3.0,0.0,0.0,0.0,0.5,0.35884213189407993,1.8608372920380685,0.0,0,0,0.0,0,0,0,0.0,0,0,0,0.0,0
63,240,180,180,210,240,214.28571428571428,0.11115554667022041,34,105,0,0,0,0,2.9365079365079363,4.841083012444843,80,4,4,1,5,15,10,25,43,15,-1.3228887605975378E-7,781,1.0,0.0,0.36589643322668564,0.388515406162465,0.42009925558312655,0.39879982620365345,0.150360999154574,149.5337690631808,0.0,34.333333333333336,58.451219512195124,83.05531914893618,60.69047978358783,0.5274366775701972,26135.0,796,111751,26135.0,796,796,848,26777.0,796,796,18051,26362.0,796
44,240,120,180,180,210,190.9090909090909,0.16444092047459055,21,75,0,0,0,0,4.318181818181818,3.7486839796050253,41,13,1,4,95,15,9,35,31,15,-5.253632229983004E-6,271,1.0,0.0,0.0,0.047619047619047616,0.14545454545454545,0.11364924191454799,1.707473293718813,4.0,0.0,0.0,0.39999999999999997,1.0,0.5553791786444846,1.1854611313604095,67.0,274,39835,67.0,274,274,280,738.0,274,274,4244,177.0,274
28,180,120,150,150,180,154.28571428571428,0.15340779190537865,10,120,0,0,0,0,12.857142857142858,2.3710574814303667,8,4,18,0,15,15,2,25,19,15,-7.070619439146077E-7,525,1.0,0.0,0.26482677627715795,0.2853932584269663,0.315527950310559,0.29983057534694335,0.2592833550299255,60.293436293436294,0.0,12.0,19.333333333333332,28.735849056603776,21.161439982602104,0.5658923505630042,25674.0,574,60205,25674.0,574,574,2456,27279.0,574,574,7055,26346.0,574
70,240,120,120,150,180,154.28571428571428,0.1979836631245051,28,45,0,0,0,0,1.6428571428571428,4.763003293938796,48,8,29,2,35,20,16,25,36,10,-1.0151805222429709E-6,608,1.0,0.0,0.052100840336134456,0.08823529411764706,0.14285714285714285,0.12378154235287049,1.2540688997955367,4.0,0.0,0.6666666666666666,1.0,1.4166666666666665,1.0325909991526667,0.6581279923624052,2763.0,669,235377,2763.0,669,669,1063,4367.0,669,669,19724,3657.0,669
64,240,120,120,150,180,152.34375,0.17854109632497242,24,0,0,0,0,0,0.0,0.0,11,3,4,11,20,10,17,20,41,15,-4.605052294973861E-5,121,1.0,0.0,0.0,0.1111111111111111,0.16666666666666666,0.14061801018634804,1.2683045380717834,3.0,0.0,0.0,0.8,1.4,0.8464276683644273,0.8376449623839681,0.0,0,0,0.0,0,0,0,0.0,0,0,0,0.0,0
63,240,120,180,210,240,204.28571428571428,0.15224853886068002,32,115,0,0,0,0,11.825396825396826,2.2427959732792813,19,14,38,5,60,15,8,35,50,15,-5.198381297072467E-7,587,1.0,0.0,0.27906976744186046,0.30212355212355213,0.3378048780487805,0.3171262029630803,0.21752538687133052,72.75,0.0,15.743589743589743,25.88372093023256,37.007751937984494,27.336401615514532,0.5422836889903943,10862.0,634,168580,10862.0,634,634,700,12799.0,634,634,20257,11704.0,634
52,240,120,120,150,180,158.07692307692307,0.1902016674568669,20,165,0,0,0,0,9.23076923076923,3.155545163324046,3,14,2,3,25,15,8,15,33,15,-5.0503775157193E-5,116,1.0,0.0,0.13333333333333333,0.18382352941176472,0.3,0.22928267788731144,0.8352210597364891,4.272727272727273,0.0,1.1666666666666667,2.0,2.6,1.8444707588895073,0.5591764676467315,274.0,171,28827,274.0,171,171,554,436.0,171,171,2794,329.0,171
22,240,120,120,150,150,147.27272727272728,0.19333900942426946,8,85,0,0,0,0,7.045454545454546,2.811637773950312,3,3,4,8,5,10,5,15,16,15,-1.5662933667475918E-4,130,1.0,0.0,0.0,0.0,0.0,0.07254901960784313,3.1420838983137576,2.0,0.0,0.0,0.0,0.0,0.17675070028011203,2.798255617903435,0.0,0,0,0.0,0,0,0,0.0,0,0,0,0.0,0
45,240,180,210,210,240,218.0,0.1062003385577085,24,145,0,0,0,0,8.777777777777779,3.021686291921677,25,3,52,3,10,15,6,15,25,10,-8.742103581592712E-7,496,1.0,0.2633151949872207,0.3471337579617834,0.36996336996337,0.4079939668174962,0.3876773284642342,0.20583902969202975,92.07250755287009,2.0,21.76271186440678,34.86021505376344,48.82539682539683,36.66269765091374,0.5198256663533665,14296.0,547,125771,14296.0,547,547,555,15254.0,547,547,10347,14716.0,547
40,240,150,180,210,240,213.75,0.12626704712594092,21,80,0,0,0,0,5.5,3.206398561554254,6,1,3,6,25,5,11,15,25,15,-5.926709623066175E-6,230,1.0,0.0,0.5868191721132897,0.6243564993564994,0.6643863179074446,0.6275885281325834,0.12851780448016703,104.8093023255814,0.0,43.85507246376811,64.16326530612244,80.18604651162791,61.47955678647855,0.40741526536820627,0.0,0,0,0.0,0,0,0,0.0,0,0,0,0.0,0
66,240,120,180,210,240,201.36363636363637,0.15937817704834184,35,55,0,0,0,0,1.2121212121212122,6.0531500064016255,4,9,23,8,45,15,8,5,37,10,-1.1967537834209047E-6,482,1.0,0.2702702702702703,0.3512258064516129,0.37942477876106195,0.4119047619047619,0.3881276921770731,0.16048179683776287,95.77643504531723,2.8,22.262295081967213,36.25263157894737,50.378787878787875,37.57024914297165,0.5224184579326839,7627.0,538,177846,7627.0,538,538,620,8685.0,538,538,16780,7877.0,538
67,240,120,180,210,240,198.80597014925374,0.15823574838063326,32,115,0,0,0,0,7.313432835820896,2.7885722052285873,7,16,6,0,35,20,15,5,29,10,-4.010100993265675E-7,641,1.0,0.0,0.10144927536231885,0.12380952380952381,0.16483516483516483,0.1534531332468843,0.7337011814388309,10.76923076923077,0.0,2.1666666666666665,3.2,4.2926829268292686,3.275189629246899,0.506805565994575,3537.0,675,233370,3537.0,675,675,683,4492.0,675,675,18899,3809.0,675
50,240,180,180,210,240,212.4,0.12261318878085138,25,165,0,0,0,0,9.8,2.775735284991142,62,6,26,7,15,35,4,25,40,15,-3.7741517405255614E-7,700,1.0,0.0,0.17559523809523808,0.19567567567567568,0.2227450980392157,0.2131640489133588,0.3627381697091055,40.36862745098039,0.0,6.9714285714285715,10.30188679245283,15.294117647058822,11.553308099628987,0.5613407509324073,2400.0,755,230957,2400.0,755,755,762,3072.0,755,755,31013,2544.0,755
17,180,120,120,120,150,141.1764705882353,0.17499999999999996,7,0,0,0,0,0,0.0,0.0,45,29,7,2,25,10,2,10,8,10,-9.64506172839506E-7,401,1.0,0.0,0.1437908496732026,0.16374269005847952,0.20689655172413793,0.19096815294181024,0.5344766325567082,12.376237623762377,0.0,2.7142857142857144,3.833333333333333,5.230769230769231,4.1321694629131684,0.48902680031594914,6173.0,405,70846,6173.0,405,405,21050,8707.0,405,405,24670,7010.0,405
28,180,120,120,150,180,151.07142857142858,0.16342863293337465,10,80,0,0,0,0,2.857142857142857,5.196152422706631,23,4,7,12,55,20,2,20,15,10,-3.141731112433074E-5,130,1.0,0.0,0.21978021978021978,0.24761904761904763,0.30484330484330485,0.27444010569671995,0.5106094963316734,11.794871794871796,0.0,2.8,4.444444444444445,6.846153846153847,4.829194514760032,0.5689629127330599,740.0,170,64004,740.0,170,170,196,1734.0,170,170,6755,1065.0,170
78,240,150,180,210,240,211.92307692307693,0.1268990642933818,40,110,0,0,0,0,5.1923076923076925,3.58469285467647,13,3,6,14,20,20,22,20,47,15,-1.2285001326232678E-7,926,1.0,0.23809523809523808,0.32282461587453226,0.34323640960809104,0.3688639551192146,0.3536650544383142,0.15540466119104415,152.20357142857142,1.6666666666666665,32.0,53.971830985915496,74.97297297297297,56.09854432844881,0.529094744529244,47890.0,958,179157,47890.0,958,958,967,48741.0,958,958,20153,48221.0,958
62,240,120,180,210,240,199.83870967741936,0.16608475195779682,31,0,0,0,0,0,0.0,0.0,10,7,12,15,10,15,9,15,33,10,-3.715814506539832E-5,116,1.0,0.0,0.34384384384384387,0.38095238095238093,0.42328042328042326,0.3919026350251163,0.2604728002717246,26.87912087912088,0.0,6.823529411764706,10.928571428571429,14.457142857142857,10.87819042053037,0.48765739647542766,698.0,143,66890,698.0,143,143,153,944.0,143,143,2620,815.0,143
23,180,120,120,150,180,147.3913043478261,0.15781021681528323,9,125,0,0,0,0,14.565217391304348,2.203704934363194,27,5,5,8,15,15,3,10,10,10,-1.6392033176819465E-7,368,1.0,0.0,0.11942959001782531,0.14666666666666667,0.2,0.1768696497800541,0.7348526067873951,7.052631578947368,0.0,2.0,2.769230769230769,4.0,2.8515674448108808,0.5028793029103595,1902.0,369,82611,1902.0,369,369,379,2269.0,369,369,7522,2036.0,369
76,240,150,180,210,240,210.78947368421052,0.12849226066223562,39,90,0,0,0,0,3.8157894736842106,3.958915043724037,73,1,2,4,50,15,16,35,45,10,-3.197952982620737E-7,694,1.0,0.0,0.07792207792207792,0.10541310541310542,0.1523809523809524,0.13300808987834203,0.8936978508610302,5.575,0.0,1.2000000000000002,1.8666666666666667,2.4615384615384617,1.8682765027064798,0.5250766971721853,1035.0,714,240488,1035.0,714,714,720,1538.0,714,714,19945,1150.0,714
64,240,120,180,210,240,203.4375,0.14623623642969982,32,100,0,0,0,0,4.53125,3.626924025048231,36,33,26,0,10,20,12,10,35,10,-5.947453356652219E-7,646,1.0,0.0,0.26081825334382375,0.28256018790369936,0.30697674418604654,0.29438490323116656,0.24293005434265136,77.69184290030212,0.0,14.926829268292684,24.112676056338028,35.605839416058394,26.13051828053767,0.5642309641677702,11581.0,728,178532,11581.0,728,728,819,12262.0,728,728,28823,11867.0,728
68,240,150,180,210,240,204.7058823529412,0.1304547064691514,36,0,0,0,0,0,0.0,0.0,6,2,18,4,50,15,16,10,50,15,-2.5477836829741792E-6,428,0.8181818181818182,0.3846715226025571,0.4741701244813278,0.5060970991441339,0.5470085470085471,0.5141245963259647,0.11984662024322419,145.40583554376659,5.333333333333333,47.390243902439025,72.54166666666667,93.88601036269431,71.78376686191875,0.44434561150411966,28337.0,493,122910,28337.0,493,493,504,29497.0,493,493,8939,28756.0,493
42,180,120,120,150,180,153.57142857142858,0.16065038175972593,14,80,0,0,0,0,3.5714285714285716,3.951371070063318,28,20,50,12,45,20,11,10,25,10,-4.560825515898395E-7,768,1.0,0.1110204081632653,0.1586080586080586,0.17894736842105263,0.21718931475029035,0.19922682363936345,0.37201105097559817,32.66371681415929,1.0,6.133333333333333,9.27659574468085,13.283582089552239,10.287582727604038,0.536563389224726,21036.0,874,116312,21036.0,874,874,978,22879.0,874,874,15924,21797.0,874
69,240,180,180,210,240,210.8695652173913,0.12579009519727546,37,65,0,0,0,0,5.507246376811594,2.752674348062625,17,3,64,7,50,15,18,20,38,10,-3.986681263341977E-7,705,1.0,0.18578741342968985,0.23107344632768362,0.25206611570247933,0.2805194805194805,0.2643642794006516,0.21672846700114337,64.92537313432835,1.2000000000000002,12.638297872340424,19.864406779661017,28.93103448275862,21.697099628308315,0.5466364969478524,16192.0,759,239936,16192.0,759,759,765,16862.0,759,759,23532,16429.0,759
57,240,120,180,210,240,202.10526315789474,0.1680444354677259,28,190,0,0,0,0,8.859649122807017,3.297549984221821,40,8,36,3,35,10,7,15,29,10,-3.051343213741855E-7,658,1.0,0.3386770935158032,0.42518243469740336,0.45147679324894513,0.48047276464542654,0.45936401478300476,0.1281071000345512,168.870636550308,2.6666666666666665,47.130434782608695,74.02614379084967,100.01724137931033,74.90915475780878,0.4840618773983047,0.0,0,0,0.0,0,0,0,0.0,0,0,0,0.0,0
66,240,120,180,210,240,205.0,0.16228720524292892,32,105,0,0,0,0,9.545454545454545,2.6798145263602873,36,5,23,7,15,5,13,30,30,10,-1.9942979359016364E-6,380,1.0,0.0,0.1,0.13333333333333333,0.18681318681318682,0.17180999261912125,0.9127671717484572,5.714285714285714,0.0,1.4285714285714286,2.1176470588235294,2.9090909090909087,2.198258272287824,0.5008125198151121,5065.0,422,228542,5065.0,422,422,428,9212.0,422,422,16593,6435.0,422
71,240,150,180,210,240,204.50704225352112,0.13329248856437445,36,130,0,0,0,0,4.71830985915493,4.599873118050197,26,4,19,14,40,10,8,10,37,10,-6.259474790943322E-7,508,1.0,0.0,0.08461538461538462,0.12,0.17777777777777778,0.15955157261015812,1.016847838755592,4.387096774193549,0.0,1.0,1.6923076923076923,2.3,1.699153601285284,0.5212934125670854,217.0,520,240142,217.0,520,520,521,279.0,520,520,28708,250.0,520
50,210,120,120,150,180,155.4,0.16691865885109872,18,120,0,0,0,0,4.4,4.363636363636363,38,6,8,2,15,10,12,25,26,10,-1.9621459660790484E-6,289,1.0,0.0,0.1388888888888889,0.17230576441102757,0.2426470588235294,0.2104960155609843,0.6653392601384618,9.821428571428571,0.0,1.8461538461538463,2.909090909090909,4.0,3.041850284506751,0.5609314713434277,671.0,295,193876,671.0,295,295,298,1073.0,295,295,13766,789.0,295
40,180,120,120,150,180,149.25,0.1825027115310038,14,70,0,0,0,0,6.125,2.940404877107253,35,3,1,14,25,10,5,35,19,10,-2.2158865954462627E-5,149,1.0,0.0,0.22792022792022792,0.28045977011494255,0.3464052287581699,0.30219706517431844,0.41985415168006845,17.686746987951807,0.0,3.5,5.428571428571429,8.296296296296296,5.936902846375718,0.5654873739440319,751.0,193,87059,751.0,193,193,194,1152.0,193,193,5524,922.0,193
48,180,120,120,150,180,149.375,0.16647252103830762,16,0,0,0,0,0,0.0,0.0,35,1,7,5,15,15,12,30,23,10,-5.631211824176217E-7,540,1.0,0.3424327579285428,0.4299965600275198,0.4531558185404339,0.48685491723466406,0.4671753110639439,0.14551979807958076,145.19148936170214,3.0,41.83529411764706,65.76642335766424,88.39593908629442,65.53185378307158,0.4754006808262556,0.0,0,0,0.0,0,0,0,0.0,0,0,0,0.0,0
54,240,150,180,210,240,202.77777777777777,0.13635470836306082,27,70,0,0,0,0,5.37037037037037,3.0399637021426473,35,22,4,1,55,15,14,30,28,10,-9.631314251140777E-8,799,1.0,0.27987500094811174,0.35770517928286855,0.3813141972702969,0.4124259323806204,0.39275969553952234,0.17424400883264846,143.85575048732943,3.0,33.94805194805195,55.014492753623195,78.53333333333333,57.88039881647606,0.5232736270789246,80473.0,810,91812,80473.0,810,810,3525,88216.0,810,810,11484,83519.0,810
48,240,150,180,210,210,200.0,0.13806701271484076,26,65,0,0,0,0,1.3541666666666667,6.855654600401044,2,4,1,0,30,15,5,20,20,10,-2.729496025853786E-6,252,1.0,0.0,0.12418300653594772,0.16666666666666666,0.22727272727272727,0.19260715772272582,0.7459430241873032,6.5600000000000005,0.0,1.3333333333333333,2.0,2.8571428571428568,2.2124363929074233,0.6218725884392613,43.0,258,108693,43.0,258,258,259,86.0,258,258,6846,61.0,258
43,210,120,120,150,180,150.0,0.17784236552842012,15,165,0,0,0,0,15.930232558139535,2.295756787521169,36,10,2,4,15,20,7,30,20,10,-9.32445274099427E-6,198,0.8333333333333334,0.2,0.330188679245283,0.35753176043557167,0.3995354239256678,0.37460492591440886,0.20583456405621625,37.68595041322314,1.0,9.052631578947368,16.313725490196077,21.555555555555557,15.83732004518696,0.529224013464493,0.0,0,0,0.0,0,0,0,0.0,0,0,0,0.0,0
33,180,120,120,150,180,148.1818181818182,0.1648469796631215,11,95,0,0,0,0,11.515151515151516,2.125804393948239,77,10,2,14,50,15,5,10,27,15,-1.0803800919220273E-6,475,1.0,0.0,0.17545271629778672,0.1976284584980237,0.2298076923076923,0.22028839842462464,0.4851620068023809,27.808510638297875,0.0,4.909090909090909,7.818181818181818,11.24,8.509087117669239,0.5509497563824152,14851.0,525,197843,14851.0,525,525,637,19560.0,525,525,11866,16618.0,525
50,240,120,120,150,180,154.8,0.1705426356589148,17,0,0,0,0,0,0.0,0.0,29,9,8,9,25,10,8,30,23,10,-2.170138888888889E-6,351,1.0,0.0,0.16666666666666666,0.2,0.2631578947368421,0.233156655293488,0.5478403486803023,13.114285714285714,0.0,3.111111111111111,4.5,6.153846153846154,4.8175069314298335,0.4961462030540758,0.0,0,0,0.0,0,0,0,0.0,0,0,0,0.0,0
80,240,120,120,150,180,151.875,0.17485596223560704,28,165,0,0,0,0,8.6875,3.0735426223387154,3,1,1,5,15,35,9,30,40,10,-8.062484252960444E-5,109,1.0,0.0,0.0,0.1,0.3,0.18127408653724456,1.3969450979287592,2.333333333333333,0.0,0.0,0.6666666666666666,1.0,0.691265906311673,0.905536933789004,0.0,0,0,0.0,0,0,0,0.0,0,0,0,0.0,0
32,240,120,150,150,180,157.5,0.17169291787923757,11,45,0,0,0,0,3.28125,3.1783707801838554,11,9,8,8,10,10,5,20,16,10,-1.3039620385016005E-4,86,1.0,0.0,0.41295546558704455,0.45666666666666667,0.5066666666666667,0.45895966651415737,0.2502571880004941,33.46341463414634,0.0,9.411764705882353,15.0625,20.26086956521739,15.2119445580224,0.5103338241373222,0.0,0,0,0.0,0,0,0,0.0,0,0,0,0.0,0
80,240,150,180,210,240,203.625,0.1290580614765892,40,105,0,0,0,0,5.125,3.390068428517298,63,10,16,10,20,25,18,15,50,15,-2.4845634569333423E-7,842,1.0,0.0,0.06153846153846154,0.08421052631578947,0.12280701754385964,0.11788618600297747,1.160228227251717,4.181818181818182,0.0,1.0,1.4444444444444444,2.0,1.4501149085459333,0.542006574989147,754.0,870,248794,754.0,870,870,884,1171.0,870,870,34087,918.0,870
58,240,180,180,210,240,210.0,0.12442690581591219,30,65,0,0,0,0,2.1551724137931036,4.701829431189523,24,1,9,11,10,45,10,35,28,10,-2.155146609834653E-4,82,1.0,0.0,0.0,0.0,0.16666666666666666,0.14491295442908345,1.8204341647175877,3.0,0.0,0.0,0.0,1.0,0.511172555043523,1.3114866823831184,6.0,170,103756,6.0,170,170,172,168.0,170,170,3172,20.0,170
62,240,180,180,210,240,211.4516129032258,0.11516914903580425,33,100,0,0,0,0,4.758064516129032,3.700547720665358,18,14,36,13,40,10,12,20,41,15,-1.6374247297852807E-7,773,1.0,0.2459228217216693,0.3015325670498084,0.32465068138692427,0.35484617164006477,0.33733400549819714,0.1924817062524719,104.34625322997415,2.0,24.441558441558442,38.55555555555556,53.74850299401197,40.43531206179273,0.5154343894226059,25933.0,786,134856,25933.0,786,786,1011,28756.0,786,786,14467,26984.0,786
39,240,150,180,210,240,208.46153846153845,0.14916149764876563,20,150,0,0,0,0,9.615384615384615,2.782612681156566,16,4,1,8,80,25,7,20,20,10,-0.4867868669465413,13,1.0,0.0,0.0,0.13333333333333333,0.26666666666666666,0.18235572312543527,1.3886959717519323,3.0,0.0,0.0,0.6666666666666666,1.4285714285714286,0.8194191151637958,1.0173667281140077,30.0,106,25811,30.0,106,106,107,152.0,106,106,764,46.0,106
71,240,180,180,210,240,210.42253521126761,0.11598015323850326,38,130,0,0,0,0,11.690140845070422,2.659882440481894,12,8,1,2,10,30,6,5,33,10,-0.48885157961548376,1,1.0,0.0,0.34022988505747126,0.39316239316239315,0.47368421052631576,0.43258066767008196,0.37556327505660436,18.33846153846154,0.0,5.636363636363637,8.352941176470589,11.0,8.301592640891496,0.4865246023000556,193.0,103,28505,193.0,103,103,110,379.0,103,103,860,223.0,103
43,240,150,180,210,240,204.41860465116278,0.14592189983912596,22,0,0,0,0,0,0.0,0.0,29,2,1,2,10,15,6,5,33,15,-8.993630215513993E-6,211,1.0,0.0,0.19298245614035087,0.2222222222222222,0.2683982683982684,0.24365322096089664,0.4321328300345087,15.384615384615385,0.0,3.3333333333333335,5.3,7.6,5.553704070660115,0.5307725686494047,458.0,259,185280,458.0,259,259,264,564.0,259,259,16521,502.0,259
66,240,150,180,210,240,203.1818181818182,0.13550843598127787,36,260,0,0,0,0,9.015151515151516,4.04718480219346,11,4,6,7,15,15,12,25,30,10,-0.018754831628205945,1,1.0,0.3079710144927536,0.42424242424242425,0.47293447293447294,0.5274725274725275,0.5002811716719056,0.2697982693053636,24.0,1.0,7.7142857142857135,11.73913043478261,16.7027027027027,12.306217373115118,0.45850206848198405,600.0,105,34938,600.0,105,105,106,687.0,105,105,5593,632.0,105
12,240,180,180,210,240,210.0,0.11664236870396086,6,25,0,0,0,0,3.75,2.252570548079255,16,8,4,11,45,5,1,25,9,15,-1.8609031738479016E-5,144,1.0,0.0,0.2792022792022792,0.3203463203463203,0.375,0.3458912951456151,0.4094801488974326,19.476190476190474,0.0,4.153846153846154,6.857142857142857,10.294117647058824,7.360353130112755,0.5600047243959446,7521.0,168,29217,7521.0,168,168,9705,9374.0,168,168,11091,8299.0,168
74,240,120,180,210,210,202.2972972972973,0.14228456913827658,38,145,0,0,0,0,6.418918918918919,3.806409523764341,3,1,3,9,20,10,13,35,58,15,-1.9789011521702212E-7,752,1.0,0.2590807460068817,0.31689630166787525,0.3398496240601504,0.3730382293762575,0.3552533601007242,0.20444546641724248,114.60091743119266,2.0,26.87096774193548,41.47692307692307,59.977272727272734,44.23354140989398,0.5231517965697905,20213.0,780,163560,20213.0,780,780,780,20971.0,780,780,18796,20578.0,780
49,240,180,180,210,240,210.6122448979592,0.11326023103940787,26,70,0,0,0,0,2.5510204081632653,4.883932841471102,8,1,21,1,30,20,5,10,40,15,-6.34255410915752E-8,899,1.0,0.0,0.11695562738759918,0.1341991341991342,0.16666666666666666,0.15814449293343766,0.6527962750703399,20.225490196078432,0.0,3.454545454545455,5.148936170212766,7.428571428571429,5.692529929642596,0.5407511127564852,1567.0,903,214965,1567.0,903,903,905,1737.0,903,903,36620,1647.0,903
79,240,120,120,150,180,150.7594936708861,0.21700511378780707,30,105,0,0,0,0,4.810126582278481,3.8127937423736498,4,19,18,15,80,10,12,5,53,15,-4.731335826431891E-5,133,1.0,0.0,0.0,0.10909090909090909,0.25,0.18814462181809116,1.3598810298241946,5.0,0.0,0.0,0.6666666666666666,1.4285714285714286,0.8943277527461202,0.9775224098449725,365.0,205,48483,365.0,205,205,301,533.0,205,205,2947,424.0,205
24,240,180,180,210,240,207.5,0.12462747509383855,13,155,0,0,0,0,10.416666666666666,3.1655647205514534,2,2,2,15,15,10,5,5,19,15,-2.411265432098764E-7,693,1.0,0.0,0.14155844155844155,0.16161616161616163,0.1908831908831909,0.18541529582059232,0.5524247626419265,22.887700534759357,0.0,4.090909090909091,6.41860465116279,9.344827586206897,6.965966654970086,0.5567008123585647,12714.0,712,249767,12714.0,712,712,717,17277.0,712,712,11696,14435.0,712
28,180,120,120,150,180,146.78571428571428,0.15773856047426507,10,70,0,0,0,0,6.785714285714286,2.6945106812989907,14,5,6,6,20,15,2,30,21,15,-2.9994500600134847E-6,323,1.0,0.0,0.1768361581920904,0.20526315789473684,0.25,0.23028689926001836,0.49668096134571277,18.12962962962963,0.0,3.8095238095238093,5.826086956521739,8.242424242424242,6.219141461118764,0.5150981531482529,4406.0,371,142757,4406.0,371,371,554,7775.0,371,371,11896,5558.0,371
53,180,120,120,150,180,148.30188679245282,0.16863146591125594,19,125,0,0,0,0,6.60377358490566,3.187859623570623,74,3,15,14,65,10,11,15,23,10,-6.578139286325245E-7,570,1.0,0.0,0.0855614973262032,0.10952380952380952,0.15584415584415584,0.13980456998553453,0.8410319239601354,6.236842105263158,0.0,1.25,2.0,2.6666666666666665,2.000258525521808,0.5179825844442673,2447.0,590,244331,2447.0,590,590,607,3358.0,590,590,16044,2763.0,590
38,240,180,180,210,240,206.8421052631579,0.11899585700854882,20,85,0,0,0,0,5.0,3.612842589838003,1,2,3,2,45,30,9,25,18,10,-4.93063269391752E-6,214,1.0,0.0,0.2210144927536232,0.24774774774774774,0.29894179894179895,0.27652504952316265,0.4297103091805668,16.149253731343283,0.0,3.411764705882353,5.75,8.352941176470589,6.140095979162079,0.5606817887653699,827.0,231,86745,827.0,231,231,233,958.0,231,231,6489,877.0,231
49,180,120,120,150,180,143.87755102040816,0.1735836430159246,16,100,0,0,0,0,4.387755102040816,3.890886023881745,92,1,5,1,15,5,7,5,31,15,-3.823153285446664E-7,642,1.0,0.3216450216450216,0.3767980159823643,0.3960867265996827,0.4261265909872721,0.407697766686643,0.142362265537355,133.48614609571788,2.8,35.653333333333336,57.04285714285714,80.40174672489083,58.711915769928034,0.4975160008830029,0.0,0,0,0.0,0,0,0,0.0,0,0,0,0.0,0
45,240,120,180,210,240,214.66666666666666,0.13161254720755955,23,165,0,0,0,0,6.111111111111111,4.231718092752509,35,11,9,11,45,15,7,25,25,10,-1.910240918677681E-6,393,0.9,0.0,0.4291380625476735,0.45714285714285713,0.48846153846153845,0.4632796745348324,0.14268364617683682,109.20557491289199,0.0,33.11764705882353,50.168067226890756,67.55862068965517,51.05525562942536,0.47563265956298945,27316.0,436,105366,27316.0,436,436,24829,32602.0,436,436,28307,29107.0,436
14,180,120,120,150,180,154.28571428571428,0.16197088596792505,5,0,0,0,0,0,0.0,0.0,3,3,1,2,15,15,2,15,8,10,-4.1215192088028925E-5,125,0.7,0.0,0.21212121212121213,0.24675324675324675,0.31666666666666665,0.26658448386021133,0.38051529602308537,11.428571428571429,0.0,2.75,4.222222222222222,5.809523809523809,4.541460952533777,0.5097761353063076,2572.0,169,32397,2572.0,169,169,214,2929.0,169,169,2325,2672.0,169
63,240,120,180,180,210,196.66666666666666,0.15321348202960172,31,115,0,0,0,30,14.841269841269842,1.8617614610737103,40,5,2,9,55,20,10,10,45,15,-1.5521465489598135E-6,487,0.7333333333333333,0.2935595694216384,0.35633423180592994,0.3792505204718945,0.4097069597069597,0.3900155554961893,0.13427294949568463,110.96551724137932,1.0,27.333333333333332,41.97938144329897,58.541935483870965,43.34799531453529,0.5013636420749813,31079.0,562,99124,31079.0,562,562,579,40408.0,562,562,5982,34609.0,562
51,240,120,120,150,180,154.11764705882354,0.18494719755092706,19,70,0,0,0,0,3.627450980392157,3.6933201305274816,37,12,25,7,45,10,14,35,40,15,-7.417277153005408E-7,544,1.0,0.20806563508581424,0.2625710077845571,0.2857142857142857,0.32205513784461154,0.30524731659353327,0.28339822420678484,53.881856540084385,1.3333333333333333,12.13953488372093,18.83783783783784,27.162790697674417,20.693035112246207,0.5425156577746193,0.0,0,0,0.0,0,0,0,0.0,0,0,0,0.0,0
65,240,120,180,210,240,202.15384615384616,0.16105198254382097,32,60,0,0,0,0,3.1538461538461537,4.025794285749326,25,8,9,4,15,20,11,5,41,15,-2.867240842500883E-7,775,0.7636363636363637,0.0,0.4415800415800416,0.46676071239640277,0.49636363636363634,0.47136069562013944,0.10925444244242398,216.62686567164178,0.0,61.21666666666667,97.26262626262627,132.40268456375838,97.44032658091469,0.4936406274827067,0.0,0,0,0.0,0,0,0,0.0,0,0,0,0.0,0
61,240,180,180,210,240,205.5737704918033,0.12347835311544443,31,80,0,0,0,0,3.6065573770491803,3.8164227549667635,13,4,4,4,20,15,9,5,33,10,-0.4885215794306669,3,1.0,0.0,0.14492753623188406,0.25,0.3333333333333333,0.2878020754624722,0.7347608130887827,4.137931034482759,0.0,1.0,2.0,2.9000000000000004,1.9325483310244835,0.5780174185858549,48.0,103,31554,48.0,103,103,103,64.0,103,103,2629,54.0,103
68,240,120,120,150,180,153.08823529411765,0.18450557121047984,24,150,0,0,0,0,4.264705882352941,4.656194013062284,13,29,17,13,25,40,8,25,51,15,-1.3592783319480021E-6,473,1.0,0.0,0.0,0.06666666666666667,0.16666666666666666,0.1392090221958931,1.564756543784234,4.0,0.0,0.0,0.5,1.0,0.643325842218878,1.044531652233839,0.0,0,0,0.0,0,0,0,0.0,0,0,0,0.0,0
48,240,150,180,210,240,205.625,0.13643997378397227,23,180,0,0,0,0,7.083333333333333,4.276353263217845,4,3,1,14,10,10,9,0,39,15,-1.3077800182580063E-5,197,0.8333333333333334,0.41197438039543305,0.5104683195592287,0.5489296636085627,0.58743961352657,0.5564104452511532,0.12376309755445371,78.27513227513228,3.3333333333333335,26.73170731707317,42.480000000000004,55.63440860215054,41.789883785302756,0.42865050416622047,5524.0,233,89148,5524.0,233,233,242,6077.0,233,233,4186,5856.0,233
28,240,150,180,210,240,211.07142857142858,0.1394784940511075,14,70,0,0,0,0,4.821428571428571,3.608213462307179,24,11,11,13,60,10,10,30,20,15,-4.3823344077042486E-7,786,1.0,0.0,0.11861386138613861,0.1341991341991342,0.16194331983805668,0.15772389015986982,0.6189248567139964,21.971291866028707,0.0,3.391304347826087,5.6,8.123076923076923,6.104127177586248,0.5718019098052611,18543.0,921,150498,18543.0,921,921,1153,20768.0,921,921,16179,19270.0,921
64,240,150,180,210,240,205.78125,0.12590445198574468,34,100,0,0,0,0,1.953125,6.520736154760442,1,17,7,1,35,5,13,15,37,10,-0.42666364870982426,29,1.0,0.0,0.0,0.0,0.2,0.178745275888133,1.764961798779906,3.0,0.0,0.0,0.0,1.0,0.5239002267573696,1.4102120547493922,0.0,0,0,0.0,0,0,0,0.0,0,0,0,0.0,0
63,240,120,120,150,180,153.33333333333334,0.17813205465465812,22,50,0,0,0,0,1.746031746031746,4.624762669809783,6,1,2,4,40,10,9,5,36,10,-2.214833292266633E-5,184,1.0,0.0,0.0,0.09523809523809523,0.16666666666666666,0.13103564249075073,1.399000540677637,2.6666666666666665,0.0,0.0,0.6666666666666666,1.0,0.6799660174813171,0.9184305001825033,0.0,0,0,0.0,0,0,0,0.0,0,0,0,0.0,0
40,240,120,180,210,240,204.0,0.16176470588235295,20,100,0,0,0,0,7.5,3.245509718570156,43,1,10,10,45,10,5,25,27,15,-5.156933508562114E-7,657,1.0,0.0,0.03571428571428571,0.07272727272727272,0.1388888888888889,0.12431586083842817,1.5016807589481804,3.0,0.0,0.3333333333333333,0.7692307692307692,1.2000000000000002,0.8409336808291674,0.7666603279626609,212.0,674,249413,212.0,674,674,680,533.0,674,674,23704,303.0,674
61,240,120,180,210,240,208.0327868852459,0.13784756252589359,30,200,0,0,0,0,12.540983606557377,2.74673154012741,56,4,1,12,10,15,7,35,36,10,-1.3350359942951585E-7,931,1.0,0.0,0.3045828301995285,0.32383191301792535,0.34752920035938906,0.33375514947285106,0.17546958684368708,128.03529411764706,0.0,26.942857142857143,46.156028368794324,66.8,49.079329292688044,0.5562303274399635,25722.0,968,249447,25722.0,968,968,1049,27402.0,968,968,33866,26210.0,968
29,240,180,180,210,210,205.86206896551724,0.11303740582112558,16,70,0,0,0,0,6.551724137931035,2.7045155633001934,11,3,5,13,15,35,10,25,14,10,-2.339090195688169E-7,750,1.0,0.0,0.20491527325777129,0.22453861927546137,0.25274725274725274,0.24107984853467931,0.31738515073178464,50.803030303030305,0.0,9.702127659574467,15.014925373134329,22.186915887850468,16.862474160121955,0.5770305179062957,30228.0,794,82275,30228.0,794,794,996,31004.0,794,794,11903,30485.0,794
52,240,180,180,180,240,202.5,0.12952783956318298,29,100,0,0,0,0,10.384615384615385,2.329950516674311,33,13,8,15,30,10,10,35,30,10,-3.012046398565547E-7,730,1.0,0.24287066564961263,0.31977492442608724,0.34285714285714286,0.3740079365079365,0.35525727902304766,0.18978140356617296,114.91415313225058,2.0,25.333333333333332,39.01754385964912,57.78313253012048,42.78307325379408,0.5346178516967163,32263.0,775,153876,32263.0,775,775,874,34158.0,775,775,12593,33041.0,775
60,180,120,120,150,180,151.5,0.16339133722094473,21,0,0,0,0,0,0.0,0.0,2,3,1,0,120,20,12,25,38,15,-2.827334892887345E-6,344,1.0,0.0,0.19494949494949496,0.22093023255813954,0.2578947368421053,0.23713349585912502,0.3322350366633582,25.124183006535947,0.0,4.571428571428572,6.918918918918919,10.903225806451612,7.902761057337997,0.5895057541891892,2411.0,396,109230,2411.0,396,396,396,2608.0,396,396,6917,2490.0,396
70,240,120,180,210,240,203.57142857142858,0.14501886399405906,35,120,0,0,0,0,8.928571428571429,2.7465177953182827,20,3,2,9,45,15,15,20,39,10,-0.017355371900826373,34,1.0,0.0,0.0,0.0,0.0,0.065625,2.8942476027791737,2.0,0.0,0.0,0.0,0.0,0.18993055555555557,2.362930031211906,89.0,126,19951,89.0,126,126,129,140.0,126,126,1234,120.0,126
42,240,180,180,210,210,204.28571428571428,0.11210643036280699,22,80,0,0,0,0,4.642857142857143,3.6738319803875545,12,23,58,9,20,10,6,0,28,15,-2.8979604104859883E-7,807,1.0,0.0,0.24271300448430494,0.2596611460118028,0.2842899871813132,0.27217648460679045,0.2366538377344474,84.04466501240695,0.0,16.884615384615383,27.35185185185185,38.35,28.811450846550212,0.5464376201902632,28015.0,880,99762,28015.0,880,880,3943,30622.0,880,880,11988,28873.0,880
75,180,120,120,150,180,146.4,0.18007931205774946,25,205,0,0,0,0,6.533333333333333,4.569628836691539,81,5,5,8,85,10,8,5,50,15,-1.0518337719507666E-7,946,1.0,0.22023809523809523,0.2616196179070431,0.27916909337992624,0.3033653846153846,0.29234628284455644,0.22229308298713946,103.09375,1.6666666666666665,19.176470588235297,32.859649122807014,47.284090909090914,34.95592320494064,0.5758540266451933,31368.0,983,227455,31368.0,983,983,1015,38676.0,983,983,15866,34019.0,983
59,210,120,150,150,180,154.0677966101695,0.1497928147578906,21,160,0,0,0,0,6.440677966101695,3.8566325931372765,4,1,1,1,45,10,6,20,38,15,-1.2172088852143785E-5,217,1.0,0.0,0.6116123062687948,0.640251572327044,0.6835082458770615,0.6492363128188101,0.12198139144231081,115.47465437788017,0.0,53.33333333333333,76.24347826086957,91.13475177304964,71.30811010703574,0.3703487648673444,0.0,0,0,0.0,0,0,0,0.0,0,0,0,0.0,0
53,240,180,180,210,240,212.26415094339623,0.11599233691163498,30,60,0,0,0,0,2.641509433962264,3.970554888482085,27,4,35,10,15,15,9,0,37,15,-5.793044744932752E-7,595,1.0,0.3632607450394869,0.43181612523753504,0.4572253143681715,0.4855658775347118,0.4643597358215733,0.12040079644576711,167.82646420824295,2.0,49.08571428571429,76.93589743589743,100.60714285714285,76.25164201572133,0.469963398158674,0.0,0,0,0.0,0,0,0,0.0,0,0,0,0.0,0
56,240,120,180,210,210,199.28571428571428,0.1569303174121121,27,35,0,0,0,0,1.0714285714285714,5.270462766947299,6,1,4,13,25,25,9,25,32,10,-2.0709190299909016E-7,841,1.0,0.0,0.341559408573556,0.36295648795648794,0.3932244404113733,0.37459699245048317,0.17024796178247156,152.08646616541355,0.0,34.95348837209302,55.790849673202615,77.7457627118644,57.81551989169892,0.5281029122666108,51170.0,887,109656,51170.0,887,887,1704,54142.0,887,887,11091,52359.0,887
46,240,150,180,210,240,203.47826086956522,0.14390989949130545,23,70,0,0,0,0,6.521739130434782,2.664791007023086,24,7,1,10,35,15,4,35,26,10,-1.6808924061352464E-7,758,1.0,0.0,0.20091043307086615,0.22170542635658916,0.24579124579124578,0.23526199475366846,0.3076421053723171,46.83969465648855,0.0,9.62962962962963,14.632911392405063,21.844827586206897,16.199167909434344,0.549653254494095,6514.0,773,235116,6514.0,773,773,786,7362.0,773,773,24478,6825.0,773
44,240,180,180,210,240,212.04545454545453,0.11836117247142097,24,290,0,0,0,0,13.636363636363637,3.4461734011960443,81,7,4,5,15,20,8,10,32,15,-4.1523395572904686E-7,648,1.0,0.16666666666666666,0.25662208234985573,0.2809724170172978,0.3109765564353361,0.29548359188653933,0.24949551555277671,68.91071428571428,0.6666666666666666,13.700000000000001,21.05084745762712,30.56862745098039,23.352614148400406,0.5680483426656306,13143.0,687,151388,13143.0,687,687,703,14429.0,687,687,19088,13836.0,687
56,240,150,180,210,210,203.57142857142858,0.12047919097115367,28,100,0,0,0,0,6.160714285714286,3.005525961524542,47,11,2,0,15,10,4,25,24,10,-6.8628598125084E-6,256,1.0,0.3681535855448899,0.4573544433094995,0.491025641025641,0.5268817204301075,0.5016793132791689,0.1462995996278301,85.04347826086958,2.0,27.636363636363637,41.84415584415585,56.09448818897638,42.00353976071671,0.44282791043990904,3180.0,299,96077,3180.0,299,299,422,3937.0,299,299,9463,3473.0,299
49,240,120,150,150,180,161.0204081632653,0.187047511425838,18,35,0,0,0,0,0.7142857142857143,6.928203230275509,38,12,13,9,95,30,7,25,29,10,-7.873519778281682E-6,292,1.0,0.0,0.0,0.09523809523809523,0.16666666666666666,0.14662431416601227,1.4596141044751312,4.0,0.0,0.0,0.6666666666666666,1.1428571428571428,0.7579323086667913,0.9108759813213122,0.0,0,0,0.0,0,0,0,0.0,0,0,0,0.0,0
74,240,120,120,150,180,155.67567567567568,0.18384752702836232,28,170,0,0,0,0,4.797297297297297,4.586297004582587,11,79,3,13,40,10,13,30,38,10,-2.2749958054764836E-7,767,1.0,0.0,0.06854838709677419,0.10144927536231885,0.15151515151515152,0.1348088510516776,1.0022403662567523,4.481481481481482,0.0,1.0,1.5652173913043477,2.0,1.5692833966547315,0.5250417078827174,0.0,0,0,0.0,0,0,0,0.0,0,0,0,0.0,0
66,180,120,120,150,180,151.36363636363637,0.15595389997115647,22,85,0,0,0,0,7.196969696969697,2.5343075348979345,14,2,9,5,20,20,16,10,38,10,-6.72342598175112E-8,913,1.0,0.0,0.3919303532563201,0.4158702777298603,0.442054433713784,0.4248883898620704,0.1491408901877248,190.04095563139933,0.0,49.983193277310924,80.99465240641712,113.18620689655172,82.79182494979011,0.5061787511478759,0.0,0,0,0.0,0,0,0,0.0,0,0,0,0.0,0
49,240,120,180,210,240,205.71428571428572,0.15309310892394865,25,190,0,0,0,0,6.326530612244898,4.509845859607549,60,12,1,2,15,15,8,20,28,10,-6.997034501288701E-7,497,0.9,0.0,0.3030966531122928,0.3269230769230769,0.36693548387096775,0.34152957873799894,0.196873216468732,73.04511278195488,0.0,16.150000000000002,25.68831168831169,36.52459016393443,27.182922836606398,0.5311417146343361,9462.0,535,241533,9462.0,535,535,616,11116.0,535,535,17152,10056.0,535
80,240,180,180,210,240,204.375,0.12518818424525274,43,120,0,0,0,0,5.3125,3.4367241181625072,21,1,2,6,35,10,16,35,41,10,-1.3654741026442861E-7,680,1.0,0.46161016842396985,0.5532362903964112,0.586799501867995,0.6203148233605087,0.591040710730124,0.10349036790447745,261.18918918918916,3.0,101.56687898089172,149.55648535564853,192.7871720116618,144.90972818704643,0.41886917025528053,0.0,0,0,0.0,0,0,0,0.0,0,0,0,0.0,0
71,210,120,120,150,180,150.42253521126761,0.17551122867205968,25,60,0,0,0,0,3.5211267605633805,3.497770718614929,1,5,1,7,25,15,14,5,47,15,-9.20999814509383E-7,551,1.0,0.3338101084768933,0.4139799617948618,0.43936830231246476,0.46926901512747277,0.44920116367170965,0.13859997322250503,145.75757575757578,2.6666666666666665,42.70103092783505,63.45185185185185,86.92753623188406,65.18290825156355,0.462284675601225,0.0,0,0,0.0,0,0,0,0.0,0,0,0,0.0,0
62,240,150,180,210,240,205.16129032258064,0.14431187302621093,31,65,0,0,0,0,3.870967741935484,3.5291445296432826,5,5,4,0,5,15,13,35,27,10,-4.7474856870724474E-5,130,1.0,0.0,0.08771929824561403,0.14285714285714285,0.23076923076923078,0.1987399018678457,1.0718018782013712,4.0,0.0,0.6666666666666666,1.3846153846153846,2.0,1.3940436617498393,0.6848323030779035,60.0,205,63869,60.0,205,205,205,125.0,205,205,7130,74.0,205
34,240,120,120,150,180,153.52941176470588,0.22109636852495798,13,105,0,0,0,0,4.852941176470588,4.155052684373251,7,12,1,6,15,20,7,15,25,15,-0.004106758793544384,9,1.0,0.0,0.0,0.1568627450980392,0.3333333333333333,0.20089551681623294,1.1728109400952278,4.545454545454545,0.0,0.0,1.0,2.0,1.1063004983081712,0.955207027190495,451.0,100,20094,451.0,100,100,611,671.0,100,100,1536,539.0,100
46,240,180,180,210,210,201.52173913043478,0.11045985867880913,25,80,0,0,0,0,2.717391304347826,4.567187318251793,62,3,19,15,15,20,6,10,32,15,-2.6760855959358283E-6,433,1.0,0.0,0.0,0.06666666666666667,0.14285714285714285,0.11077040102503571,1.4467756403459666,3.0,0.0,0.0,0.6666666666666666,1.0,0.6783783866689199,0.8751884020485711,14.0,502,74101,14.0,502,502,505,103.0,502,502,10061,35.0,502
38,240,120,180,210,240,203.68421052631578,0.1439858575271838,20,20,0,0,0,0,0.5263157894736842,6.082762530298219,12,11,1,3,15,15,7,5,27,15,-1.1368725647520906E-6,566,1.0,0.0,0.2148303309593632,0.23863636363636365,0.2732732732732733,0.2606085947623606,0.38088878217767147,46.33884297520661,0.0,8.411764705882353,13.333333333333334,20.48936170212766,14.969072737023637,0.5728086537852125,9794.0,689,245664,9794.0,689,689,796,10386.0,689,689,14377,10004.0,689
71,240,120,180,210,210,198.16901408450704,0.15134087440354246,36,90,0,0,0,0,2.2535211267605635,5.315991499711037,44,42,6,2,20,20,19,30,43,15,-6.154590175414029E-7,600,1.0,0.0,0.1319073083778966,0.15584415584415584,0.1913978494623656,0.17783817737429955,0.5444665160025184,14.966887417218544,0.0,3.4,4.714285714285714,6.315789473684211,5.094698271208737,0.5066296554348099,6467.0,638,229672,6467.0,638,638,755,8983.0,638,638,14231,7227.0,638
72,240,150,180,210,240,202.5,0.1455534089203901,38,145,0,0,0,0,9.097222222222221,2.7424773015132335,20,1,7,4,60,15,18,35,31,10,-2.660674826956361E-6,406,1.0,0.0,0.0,0.038461538461538464,0.16666666666666666,0.13095364509735305,1.7843973542324167,3.0,0.0,0.0,0.3333333333333333,1.0,0.5126628996882161,1.2121912895766216,33.0,429,141782,33.0,429,429,429,130.0,429,429,18747,60.0,429
33,240,120,180,210,240,204.54545454545453,0.1508494466531302,16,110,0,0,0,0,9.090909090909092,2.541980854897744,2,22,23,11,10,10,5,35,20,15,-5.750383852458286E-7,586,1.0,0.0,0.18525252525252525,0.20710382513661202,0.2413793103448276,0.22537423827116207,0.3589779886071895,35.4468085106383,0.0,6.516129032258065,9.948717948717949,14.698412698412698,11.185119473132207,0.5775977553532204,7751.0,641,165770,7751.0,641,641,697,8289.0,641,641,15152,7957.0,641
34,240,180,180,210,240,209.11764705882354,0.12294347919268744,19,65,0,0,0,0,3.3823529411764706,4.03599119829826,24,8,12,2,10,15,8,10,14,10,-2.8096896079696243E-5,161,0.8222222222222222,0.3057332677165354,0.3723404255319149,0.41014799154334036,0.4657258064516129,0.42667491530994767,0.19155797664085994,41.6,4.0,12.933333333333332,18.04878048780488,25.45714285714286,19.363660469492213,0.46406978555892603,3178.0,218,43410,3178.0,218,218,271,3600.0,218,218,2853,3335.0,218
41,240,180,180,210,240,212.1951219512195,0.11845216577460457,23,45,0,0,0,0,3.7804878048780486,2.8884930845836947,6,10,13,8,60,20,9,5,22,10,-2.1856430571682267E-5,181,0.8333333333333334,0.0,0.35535353535353537,0.38928012519561817,0.4238095238095238,0.3936706654386375,0.21379263854536415,41.689655172413794,0.0,12.774193548387096,19.42857142857143,25.666666666666664,19.738968535324386,0.4649161112572677,3808.0,233,67608,3808.0,233,233,261,4889.0,233,233,3807,4106.0,233
47,180,120,120,150,180,153.19148936170214,0.1677050983124843,16,160,0,0,0,0,10.638297872340425,2.7088373889918165,63,1,2,11,50,5,8,5,30,15,-3.768994320347712E-7,687,1.0,0.0,0.36498316498316496,0.3865345181134655,0.4194373401534527,0.3966250268137797,0.143595959302033,135.76371308016877,0.0,32.34375,52.23880597014926,74.89340101522843,55.364059151983426,0.5185136202796442,0.0,0,0,0.0,0,0,0,0.0,0,0,0,0.0,0
57,240,120,180,210,240,203.68421052631578,0.15295760813383702,29,150,0,0,0,0,7.631578947368421,3.2703522932670257,36,34,29,13,10,20,5,25,42,15,-5.702262347496416E-7,617,1.0,0.0,0.06666666666666667,0.09090909090909091,0.1388888888888889,0.12565435261995814,1.1339952769730217,4.314285714285714,0.0,0.9090909090909092,1.3846153846153846,1.9230769230769231,1.4015333335776037,0.549913063584998,49.0,650,179346,49.0,650,650,698,306.0,650,650,12513,118.0,650
79,240,120,180,210,210,200.50632911392404,0.13788086911516123,40,0,0,0,0,0,0.0,0.0,19,5,14,3,70,10,12,15,37,10,-6.333401735230442E-5,122,1.0,0.2727272727272727,0.43050847457627117,0.47586206896551725,0.5313131313131313,0.49329950578900783,0.19444726367221615,47.6124031007752,2.0,14.838709677419354,22.69767441860465,30.610169491525422,23.075712461689374,0.4614034123619535,1567.0,190,72481,1567.0,190,190,219,1868.0,190,190,4122,1654.0,190
30,180,120,120,180,180,157.0,0.16126100511047342,11,80,0,0,0,0,4.833333333333333,3.362555225666923,58,4,3,2,75,10,5,0,23,15,-6.7499434692234435E-6,275,1.0,0.0,0.06666666666666667,0.10714285714285714,0.16666666666666666,0.13353897293842631,0.9782770235293515,4.0,0.0,0.6666666666666666,1.1666666666666667,1.7142857142857142,1.2188665433259303,0.6784259591919432,109.0,323,114117,109.0,323,323,365,715.0,323,323,6106,173.0,323
31,240,180,180,210,240,209.03225806451613,0.11803285911094415,16,0,0,0,0,0,0.0,0.0,4,21,18,8,20,15,4,30,23,15,-1.0260501302442386E-5,184,1.0,0.0,0.07575757575757576,0.13333333333333333,0.2,0.16917475229484183,1.099641542191469,3.931034482758621,0.0,0.6666666666666666,1.2857142857142858,2.0,1.2567283424792812,0.7180464031682875,127.0,213,41465,127.0,213,213,219,734.0,213,213,5323,348.0,213
14,240,180,180,210,210,207.85714285714286,0.1015346165133619,7,70,0,0,0,20,12.5,1.7679689719319982,25,5,42,6,55,15,3,10,11,15,-1.428609960222927E-6,483,1.0,0.0,0.1036077705827937,0.13368983957219252,0.17391304347826086,0.15626233579964396,0.6622628638976467,9.724770642201834,0.0,1.75,2.6206896551724137,3.769230769230769,2.7858788848418365,0.5390492128309397,14081.0,558,137263,14081.0,558,558,605,15307.0,558,558,21614,14529.0,558
75,240,120,180,210,240,200.0,0.16852299546352717,37,195,0,0,0,0,14.466666666666667,2.396915911483992,46,4,7,2,30,15,19,25,34,10,-6.0684199257794E-7,586,1.0,0.4173387096774194,0.5071986836692719,0.5384144475053566,0.5736523272755156,0.5436014774527334,0.11565751027667154,202.2315789473684,2.0,68.03149606299213,102.26041666666667,144.5214521452145,104.59771252733188,0.4470688948528431,72012.0,623,172229,72012.0,623,623,6423,76916.0,623,623,16074,73489.0,623
79,240,180,180,210,240,208.86075949367088,0.11972420096839506,41,100,0,0,0,0,5.7594936708860756,3.3525669791363546,6,7,5,4,20,10,10,0,49,15,-3.804377053779263E-7,749,1.0,0.3914947184062175,0.47527775155005825,0.5030886196246139,0.532620080802035,0.5085109037511947,0.10242453201896351,240.39728353140916,2.0,72.57364341085271,116.97345132743362,161.06586826347305,116.58412829027897,0.4787860757306176,52624.0,822,87377,52624.0,822,822,2957,54734.0,822,822,9982,53280.0,822
73,240,150,180,210,240,208.76712328767124,0.13754194936664127,37,0,0,0,0,0,0.0,0.0,48,5,5,15,30,15,12,25,30,10,-2.5982450221998497E-7,775,1.0,0.35601810493716873,0.43910625821453847,0.4631143504382941,0.49404892296458564,0.4730559680411505,0.13436541025201929,210.4939965694683,5.0,63.260504201680675,94.3529411764706,130.1095890410959,96.36065538321994,0.4828539976654837,59486.0,824,228869,59486.0,824,824,3592,63705.0,824,824,19535,60785.0,824
71,240,120,120,150,180,158.0281690140845,0.1856701126123766,26,45,0,0,0,0,3.591549295774648,2.8634165207794187,39,3,54,15,35,10,13,15,48,15,-8.736794880587671E-7,581,1.0,0.0,0.047619047619047616,0.08088235294117647,0.1388888888888889,0.11877474507250285,1.3174001116477096,3.0,0.0,0.5,0.9230769230769231,1.3333333333333333,0.9229061952944587,0.6514892690219924,910.0,615,186740,910.0,615,615,629,1793.0,615,615,14822,1354.0,615
68,240,120,120,150,180,150.44117647058823,0.18884810823544784,25,60,0,0,0,0,2.3529411764705883,4.016567253264907,17,33,4,11,65,15,22,20,39,10,-8.753348155669542E-6,238,1.0,0.0,0.0,0.06666666666666667,0.16666666666666666,0.1274722280851734,1.51626532564745,2.5,0.0,0.0,0.6666666666666666,1.0,0.6510534415823531,0.9672623446454649,0.0,0,0,0.0,0,0,0,0.0,0,0,0,0.0,0
58,240,120,180,210,240,208.9655172413793,0.15306559241327042,28,150,0,0,0,0,3.9655172413793105,5.234212015703109,18,9,12,12,15,20,9,10,45,15,-1.4543071702818965E-8,755,0.7142857142857143,0.0,0.3059801883331295,0.3278784336645237,0.35968379446640314,0.338095098620866,0.15217298052179573,107.2958435207824,0.0,22.962962962962962,37.53061224489796,53.28888888888889,39.362196248593655,0.5261008263577227,18688.0,757,174418,18688.0,757,757,866,19528.0,757,757,12748,18911.0,757
44,240,180,180,210,240,207.27272727272728,0.11470786693528091,23,50,0,0,0,0,2.840909090909091,3.741015904804468,75,6,1,0,25,10,6,15,27,15,-9.049045828389889E-7,464,0.8611111111111112,0.3059588586595886,0.3681188118811881,0.3946972949763847,0.4273224043715847,0.4085423570652152,0.16775071493042615,98.72784810126582,3.142857142857143,26.06153846153846,40.30434782608696,54.40559440559441,41.08913582435537,0.47806359436564977,17406.0,497,169135,17406.0,497,497,3112,20869.0,497,497,9197,18662.0,497
39,180,120,120,150,180,146.92307692307693,0.17174051797755732,13,125,0,0,0,0,7.435897435897436,3.599775392649763,10,8,1,11,20,20,6,35,31,15,-2.82416476528173E-5,173,0.8333333333333334,0.2843551797040169,0.3780701754385965,0.4113394216133942,0.44946236559139785,0.42177665818034116,0.16387868231295938,49.69736842105263,3.0,15.294117647058824,22.440677966101696,30.140845070422536,22.97457096746928,0.43843791984778624,6371.0,240,49970,6371.0,240,240,338,7423.0,240,240,2631,6822.0,240
47,210,120,120,150,180,151.91489361702128,0.1928200656400634,19,135,0,0,0,0,11.170212765957446,2.520662908164961,31,2,2,2,25,15,7,5,24,10,-9.128818399624397E-6,204,1.0,0.0,0.41759259259259257,0.4474406991260924,0.4992887624466572,0.47062823783804436,0.2298757346958543,55.360465116279066,0.0,15.25,24.688524590163937,34.38461538461539,25.192604200825834,0.4942280615464944,6537.0,242,22539,6537.0,242,242,274,7193.0,242,242,2223,6735.0,242
66,240,120,120,150,180,154.0909090909091,0.19435476590004863,24,80,0,0,0,0,6.666666666666667,2.644677330378544,18,4,5,1,115,30,12,25,42,15,-0.0014722672916291089,59,1.0,0.0,0.0,0.0,0.1,0.1378039900975681,2.1516249665379985,3.0,0.0,0.0,0.0,0.5,0.4024683267802534,1.9037288566949013,0.0,0,0,0.0,0,0,0,0.0,0,0,0,0.0,0
44,180,120,120,150,180,147.95454545454547,0.158233038833082,15,110,0,0,0,0,10.681818181818182,2.294422153716665,61,9,1,10,65,15,5,25,33,15,-1.3971560664033433E-6,338,1.0,0.0,0.20256410256410257,0.23351158645276293,0.28888888888888886,0.2648707892665158,0.4853020590641567,20.7,0.0,4.0,6.416666666666666,9.487179487179487,6.907355723669912,0.5772282187620995,1781.0,353,153309,1781.0,353,353,410,2928.0,353,353,9322,2064.0,353
57,240,180,180,210,240,215.26315789473685,0.11710445002276816,31,70,0,0,0,0,3.0701754385964914,4.055734161879539,11,2,4,8,20,10,6,10,46,15,-5.979283488910168E-7,553,0.9523809523809523,0.3390742535419263,0.441659194573311,0.4669826224328594,0.5006366182836771,0.47669170351019535,0.12639691457101315,158.00860215053766,2.0,43.18604651162791,69.23870967741935,95.21904761904761,70.4535119911108,0.48295295880822964,21159.0,597,101542,21159.0,597,597,600,21650.0,597,597,12910,21310.0,597
64,240,120,180,210,240,202.96875,0.14720939058183174,31,40,0,0,0,0,1.09375,5.626105333575777,27,3,3,3,15,15,9,5,28,10,-1.3521081664899455E-5,168,0.8660968660968661,0.522877358490566,0.6308576480990274,0.6674747474747474,0.7160839160839161,0.6734137269852536,0.09634814288143437,84.72727272727272,10.714285714285715,40.84615384615385,59.14285714285714,71.26785714285714,55.192516746802475,0.3571959203184795,4478.0,181,20811,4478.0,181,181,194,4917.0,181,181,2926,4583.0,181
32,240,180,180,210,240,205.3125,0.12711790782716945,17,90,0,0,0,0,5.0,3.905124837953327,51,22,21,3,20,10,4,35,17,10,-1.0644336205474854E-7,918,1.0,0.16993701550387597,0.22120395327942496,0.24180790960451978,0.2708860759493671,0.25913841876697524,0.3079152597754262,71.81005586592178,1.0,12.173913043478262,20.076923076923077,29.865671641791042,22.281387787726754,0.5963899611673462,0.0,0,0,0.0,0,0,0,0.0,0,0,0,0.0,0
65,210,120,120,150,180,146.76923076923077,0.17610062893081765,23,0,0,0,0,0,0.0,0.0,43,24,7,14,35,10,8,20,28,10,-3.692434636316931E-7,628,0.8666666666666667,0.0,0.3584883754680289,0.380672268907563,0.40858405217757204,0.39040168476328857,0.15380194548073303,121.8495145631068,0.0,30.2,47.69924812030076,68.52222222222223,50.1489066361828,0.5207455749256364,0.0,0,0,0.0,0,0,0,0.0,0,0,0,0.0,0
76,210,120,120,150,180,149.60526315789474,0.16424669654338703,27,0,0,0,0,0,0.0,0.0,62,11,11,11,25,20,22,30,49,15,-2.53279583554394E-7,573,0.8088235294117647,0.39610882632078454,0.47495525265041993,0.5038047973531844,0.5379099923722349,0.5109499399571171,0.10872767890124103,176.0135440180587,4.0,53.959595959595966,84.63225806451614,113.64609053497944,84.26056643011371,0.46679788097393643,0.0,0,0,0.0,0,0,0,0.0,0,0,0,0.0,0
25,240,120,120,150,180,160.8,0.21028362393440847,10,100,0,0,0,0,7.2,3.0370652663548023,3,17,5,3,75,10,5,20,11,10,-0.4142011834319518,38,1.0,0.0,0.0,0.0,0.0,0.0893470790378007,2.5950282460183614,2.0,0.0,0.0,0.0,0.0,0.240893470790378,2.166530147923695,1565.0,126,19408,1565.0,126,126,155,2710.0,126,126,1728,2082.0,126
72,240,120,180,210,240,205.0,0.14011128406190312,38,0,0,0,0,0,0.0,0.0,15,2,1,7,25,20,19,15,50,15,-7.82104347130149E-8,581,1.0,0.45270024758959276,0.5502732841788636,0.5818933823529412,0.616416263475087,0.5858159438659001,0.09428000056696487,222.57620041753654,4.3999999999999995,83.63636363636364,128.00925925925927,161.30821917808217,122.29938409344572,0.4187070536064361,0.0,0,0,0.0,0,0,0,0.0,0,0,0,0.0,0
80,210,120,120,150,180,151.125,0.16739727022851544,29,225,0,0,0,0,12.5625,2.7596427895710582,10,3,46,10,10,10,19,35,57,15,-6.697536823614809E-8,982,1.0,0.0,0.19666182873730043,0.21152703505644682,0.2365445499773858,0.22624683979677704,0.28710685684809134,59.37461300309598,0.0,10.612244897959183,17.29268292682927,26.120805369127517,19.44582949872392,0.5848702695837203,0.0,0,0,0.0,0,0,0,0.0,0,0,0,0.0,0
10,180,120,150,150,180,156.0,0.14390989949130545,4,30,0,0,0,0,4.0,2.29128784747792,9,5,9,4,30,15,1,25,6,10,-2.4451073402122352E-5,190,1.0,0.0,0.0,0.09523809523809523,0.2,0.16451110027665053,1.5018540681173347,2.6666666666666665,0.0,0.0,0.5,1.0,0.6578921078921078,1.0778756532769476,600.0,230,8820,600.0,230,230,246,790.0,230,230,1669,673.0,230
68,240,120,150,180,180,162.7941176470588,0.17966069424354714,26,85,0,0,0,0,3.8970588235294117,4.202891069588484,4,17,3,8,20,20,11,25,47,15,-7.470629853733587E-7,617,1.0,0.0,0.09885057471264368,0.12380952380952381,0.16666666666666666,0.15289428871995975,0.7967688460537802,10.939130434782609,0.0,2.0,2.666666666666667,3.652173913043478,2.8459097986778,0.5056782196827463,0.0,0,0,0.0,0,0,0,0.0,0,0,0,0.0,0
25,240,180,180,210,240,208.8,0.13155773726735168,14,70,0,0,0,0,6.6,2.541844481880093,10,1,35,1,20,15,3,5,18,15,-9.879375802737833E-6,200,0.6666666666666666,0.32551763941995526,0.42788461538461536,0.4564459930313589,0.5039627039627039,0.46694176455149605,0.12615832824755793,55.64,2.5,17.314285714285713,26.838709677419356,36.10666666666667,27.401818014820467,0.45567420520833346,7016.0,228,11996,7016.0,228,228,3311,7822.0,228,228,4369,7355.0,228
63,240,120,180,210,210,201.42857142857142,0.12844517926436055,34,105,0,0,0,0,3.3333333333333335,4.77343841331532,53,4,6,6,25,10,12,30,39,15,-1.4035336803145899E-7,884,1.0,0.2845898324667822,0.34349510138983824,0.36400731672998454,0.3907444668008048,0.3751390027181318,0.1626771275049892,164.20833333333334,2.0,36.42718446601941,59.309859154929576,86.1864406779661,62.878527104807915,0.5226970002345838,44945.0,915,192106,44945.0,915,915,1058,48117.0,915,915,15149,46073.0,915
80,240,150,180,210,240,204.0,0.14408763192842225,41,20,0,0,0,0,0.25,8.888194417315589,11,10,23,9,130,20,17,15,60,15,-3.443466882457258E-5,177,1.0,0.0,0.0,0.0,0.16666666666666666,0.14112903225806453,2.052024027642855,3.0,0.0,0.0,0.0,0.6666666666666666,0.40412186379928317,1.687256186297665,15.0,221,7962,15.0,221,221,222,50.0,221,221,1190,47.0,221
45,240,180,180,210,240,212.0,0.10920600851688891,25,65,0,0,0,0,5.222222222222222,2.6391556601422432,3,1,8,1,15,10,7,20,22,10,-1.1794838921853619E-4,93,1.0,0.0,0.391304347826087,0.43239683933274803,0.4919786096256685,0.44901890813110024,0.22275476454023127,33.495652173913044,0.0,9.92,15.448275862068964,20.115384615384613,15.903578595247303,0.44900420099579563,955.0,158,15890,955.0,158,158,158,1013.0,158,158,4731,980.0,158
68,240,150,180,210,240,207.35294117647058,0.13067363857688588,35,235,0,0,0,0,15.441176470588236,2.470891766639927,1,2,2,13,30,15,10,35,40,10,-7.0983200969702164E-6,296,1.0,0.5337429595494112,0.6353381606817398,0.6665620488356035,0.7117927022739291,0.6753594369474613,0.0931130744021528,161.36949152542374,2.0,72.48543689320388,113.58139534883722,135.57142857142858,102.55776304296464,0.3980765492494579,29669.0,350,81519,29669.0,350,350,1691,32692.0,350,350,6115,30534.0,350
73,240,120,150,150,180,156.57534246575344,0.18286260838163096,27,90,0,0,0,0,2.808219178082192,4.742758028618472,9,5,41,1,50,10,22,15,40,10,-5.446089163371783E-6,262,1.0,0.0,0.0,0.03571428571428571,0.12380952380952381,0.0985582801062677,1.7674476589366759,2.0,0.0,0.0,0.3333333333333333,0.8333333333333333,0.4462438538068789,1.1778804394221245,0.0,0,0,0.0,0,0,0,0.0,0,0,0,0.0,0
51,240,180,180,210,240,207.05882352941177,0.12590068071682015,27,95,0,0,0,0,8.03921568627451,2.6389409842101363,17,5,9,8,20,15,8,30,37,15,-3.095394325337659E-8,886,1.0,0.0,0.256253669994128,0.28,0.3111111111111111,0.29309125742184705,0.23736296305536073,90.20240963855422,0.0,15.649122807017543,26.69662921348315,39.55072463768116,29.125322300583008,0.5881968252675304,28089.0,891,249272,28089.0,891,891,901,43545.0,891,891,13494,33177.0,891
15,240,180,180,210,240,210.0,0.11664236870396086,8,30,0,0,0,0,2.0,3.7416573867739413,47,4,24,10,10,25,1,20,12,15,-5.446602235064287E-7,657,1.0,0.0,0.1282051282051282,0.14675052410901468,0.17290552584670232,0.1634782558102423,0.48488711475310775,19.092198581560282,0.0,3.52,5.333333333333333,7.7254901960784315,5.992128048866485,0.5692626067358229,0.0,0,0,0.0,0,0,0,0.0,0,0,0,0.0,0
12,180,120,150,180,180,162.5,0.11817147304413243,4,30,0,0,0,0,2.5,3.3166247903554003,21,1,3,5,25,5,1,5,8,15,-2.2061779399299794E-7,905,1.0,0.0,0.09696969696969697,0.12605042016806722,0.16996047430830039,0.1575636035914562,0.7634227528884718,9.772357723577237,0.0,2.4,3.230769230769231,4.166666666666667,3.3927394774581447,0.4536754595605445,0.0,0,0,0.0,0,0,0,0.0,0,0,0,0.0,0
78,240,180,180,210,240,211.53846153846155,0.11101336379980908,41,170,0,0,0,0,10.192307692307692,2.869558455442884,10,10,1,10,15,10,15,5,51,15,-6.545564986987417E-7,673,1.0,0.0,0.027777777777777776,0.08333333333333333,0.16363636363636364,0.13143669783085957,1.4575095024902953,3.0,0.0,0.2857142857142857,0.7272727272727273,1.2000000000000002,0.7961045241104265,0.8007455839823707,46.0,707,163802,46.0,707,707,708,148.0,707,707,27935,94.0,707
61,240,120,180,210,240,207.54098360655738,0.13421613515171846,32,130,0,0,0,0,8.934426229508198,2.769791472769392,16,3,2,14,40,15,7,20,35,10,-1.3946940607825085E-6,407,0.8,0.2580293297782087,0.30886075949367087,0.3312280701754386,0.36585365853658536,0.3460628921846629,0.18223317130069172,62.58149779735683,1.0,14.511627906976745,23.636363636363637,33.20792079207921,24.952047131601645,0.5091713205332561,3231.0,437,103881,3231.0,437,437,448,3412.0,437,437,12271,3298.0,437
71,240,180,180,210,240,209.57746478873239,0.11394250928181289,38,0,0,0,0,0,0.0,0.0,9,2,12,14,30,5,17,20,29,10,-8.157778463019875E-8,956,1.0,0.0,0.1898013565891473,0.20749063670411985,0.23448275862068965,0.2206682921711205,0.27726207007445197,54.121212121212125,0.0,9.743589743589743,15.52112676056338,23.017857142857142,17.350167945211208,0.571955424824289,16759.0,976,245632,16759.0,976,976,977,17458.0,976,976,30059,17030.0,976
80,240,120,180,210,240,210.0,0.1373956004405096,43,0,0,0,0,0,0.0,0.0,8,12,66,14,10,20,9,15,61,15,-7.381687842968651E-7,519,1.0,0.47311160384331113,0.5713287495108726,0.6039926970159528,0.6357037713821634,0.6075525656082343,0.10236791346469419,220.03516483516484,4.0,90.56296296296296,129.1826923076923,163.4154929577465,125.59991009313677,0.4018758895576538,0.0,0,0,0.0,0,0,0,0.0,0,0,0,0.0,0
65,210,120,120,150,180,154.6153846153846,0.1776056690226091,25,120,0,0,0,0,12.692307692307692,2.2709892344189235,20,1,2,0,25,15,15,25,26,10,-0.48532137692761773,2,0.8,0.0,0.2554112554112554,0.30434782608695654,0.3787878787878788,0.3214981393936627,0.3592815886748936,12.461538461538462,0.0,3.454545454545455,4.75,6.75,5.0229915472850095,0.495059516044051,286.0,115,22131,286.0,115,115,117,419.0,115,115,2987,349.0,115
71,240,120,180,210,240,209.1549295774648,0.1295767087743399,39,165,0,0,0,0,5.563380281690141,4.493795683772504,31,1,1,10,40,10,26,5,42,10,-4.388519179864291E-7,632,1.0,0.0,0.49900015382248886,0.533537718320327,0.5647509578544061,0.5354163037421652,0.11459288822229985,215.32289628180038,0.0,75.49618320610686,111.33009708737865,147.54666666666665,110.42172690209827,0.4423930645537169,0.0,0,0,0.0,0,0,0,0.0,0,0,0,0.0,0
68,240,120,120,150,150,150.0,0.15718104959867515,24,105,0,0,0,0,7.5,2.861737668560857,63,26,3,15,50,10,15,20,32,10,-1.73682860952315E-6,430,1.0,0.0,0.12903225806451613,0.16363636363636364,0.21818181818181817,0.19045271003516778,0.6013922885890878,11.06,0.0,2.4000000000000004,3.5,4.85,3.772387678552352,0.4932231120316199,0.0,0,0,0.0,0,0,0,0.0,0,0,0,0.0,0
68,240,150,180,210,240,205.58823529411765,0.1330472103004293,36,125,0,0,0,0,8.897058823529411,2.5368939445448744,46,2,1,4,45,15,26,20,45,15,-1.6111130939771463E-7,805,1.0,0.34104688382602144,0.40833185465586247,0.43334759053321925,0.46237915090374104,0.4414272842365103,0.14044034773356123,192.6914893617021,2.0,53.130434782608695,78.89142857142856,111.34317343173431,83.28222953474184,0.5005209692299449,99807.0,832,104536,99807.0,832,832,1036,103089.0,832,832,12348,100848.0,832
75,240,120,180,210,210,196.0,0.17555765851107402,36,55,0,0,0,0,1.8,5.1448164012401,64,12,3,6,65,20,17,35,48,15,-1.4196971943628555E-7,676,1.0,0.0,0.06753246753246753,0.0915032679738562,0.1388888888888889,0.12225056839750251,1.0322004228620754,4.9393939393939394,0.0,1.0,1.5789473684210527,2.1333333333333333,1.6151349111327358,0.562050414981037,1291.0,681,200053,1291.0,681,681,693,2039.0,681,681,15742,1508.0,681
58,240,150,180,210,240,203.79310344827587,0.15405066909130466,28,105,0,0,0,0,9.051724137931034,2.5775764250080675,1,2,5,0,40,15,21,25,34,10,-0.0010024504343951884,38,1.0,0.0,0.06666666666666667,0.16666666666666666,0.26666666666666666,0.18897176586252223,1.0331946872459856,5.0,0.0,0.4,1.0,1.7142857142857142,1.1195988688691036,0.8604586175989632,52.0,138,14563,52.0,138,138,139,109.0,138,138,3372,68.0,138
76,240,120,180,210,240,206.05263157894737,0.1500135781643823,40,0,0,0,0,0,0.0,0.0,25,1,17,6,15,15,9,0,39,10,-2.6610106190106165E-7,705,0.8666666666666667,0.3149833804154494,0.39831233948881006,0.4234499693063229,0.45243847874720355,0.4304061919488471,0.11926596772421617,160.74501992031873,2.0,40.81578947368421,67.74233128834355,94.06866952789699,68.86593422557041,0.5143040164301023,20534.0,748,140209,20534.0,748,748,750,21026.0,748,748,12157,20745.0,748
31,180,120,120,150,180,150.0,0.16064386578049977,11,0,0,0,0,0,0.0,0.0,30,2,11,4,25,15,5,5,21,15,-1.9963807003147072E-5,174,1.0,0.0,0.3808404349103732,0.4053156146179402,0.45252525252525255,0.4233686839303584,0.19613000559001945,46.99310344827587,0.0,12.518518518518519,20.666666666666664,28.144927536231883,20.694052527039577,0.47840097101841167,6826.0,216,30294,6826.0,216,216,345,7544.0,216,216,2266,7100.0,216
49,240,120,180,210,240,209.3877551020408,0.13418472404191537,27,140,0,0,0,0,9.489795918367347,3.1093308749631072,19,1,2,2,30,10,7,5,29,10,-3.3925997899302194E-7,808,1.0,0.29747899159663865,0.36270210409745296,0.3857589984350548,0.41366181410974245,0.39386763003777336,0.14174546412602645,170.3368794326241,1.3333333333333333,38.977777777777774,60.93589743589744,91.42735042735042,66.08341884765187,0.5293075698764136,0.0,0,0,0.0,0,0,0,0.0,0,0,0,0.0,0
80,240,120,120,150,180,156.375,0.1911106991932545,29,165,0,0,0,0,9.25,2.808861070135391,16,50,6,4,80,10,14,30,59,15,-3.6051657699284143E-7,591,1.0,0.0,0.07368421052631578,0.10826210826210826,0.18382352941176472,0.14846144564267247,0.9696885545044515,4.0,0.0,0.9090909090909092,1.4545454545454546,2.0,1.4230734580393964,0.5507128695183682,423.0,596,237121,423.0,596,596,815,1901.0,596,596,13045,720.0,596
71,240,150,180,210,240,202.3943661971831,0.1507474588604234,38,0,0,0,0,0,0.0,0.0,32,1,3,3,30,10,10,15,30,10,-3.5233310768714095E-7,679,0.8351648351648352,0.3947326669839759,0.4994209958870742,0.5338332486019319,0.5644171779141104,0.5349349677446098,0.10095885052683128,230.051376146789,6.545454545454545,73.43262411347517,116.60194174757282,155.60759493670886,114.77808938325393,0.4546519026284735,0.0,0,0,0.0,0,0,0,0.0,0,0,0,0.0,0
53,240,120,180,210,240,207.73584905660377,0.14262945316950848,28,0,0,0,0,0,0.0,0.0,19,9,2,10,35,10,10,5,26,10,-5.73267237463111E-7,539,1.0,0.18924731182795698,0.24550545240200414,0.26705446853516657,0.3004032258064516,0.29098377891335436,0.3292789081221843,53.5625,1.5,11.05,17.863013698630137,26.615384615384613,19.25214324337659,0.5328590490785412,7298.0,581,224364,7298.0,581,581,609,8085.0,581,581,17696,7564.0,581
75,240,150,180,210,240,205.2,0.1308513563106309,40,130,0,0,0,0,7.333333333333333,2.92961509896764,19,6,4,8,15,15,18,30,51,15,-3.226410464482111E-7,762,1.0,0.0,0.4770726129216695,0.5051282051282051,0.5332941867293012,0.5085518062716806,0.11428886766104432,240.73261205564143,0.0,76.54166666666667,115.78761061946902,156.65594855305466,116.61917319809301,0.4644166711196388,0.0,0,0,0.0,0,0,0,0.0,0,0,0,0.0,0
59,210,120,120,150,180,154.0677966101695,0.16989488681496706,21,80,0,0,0,0,2.8813559322033897,4.276960082027022,51,1,1,13,20,20,14,35,48,15,-6.337945008034232E-7,491,1.0,0.0,0.15310734463276837,0.17849462365591398,0.21666666666666667,0.20760494874341645,0.5757030888231601,15.42608695652174,0.0,3.888888888888889,5.555555555555555,7.714285714285714,5.999748952481568,0.4804897220687244,0.0,0,0,0.0,0,0,0,0.0,0,0,0,0.0,0
63,240,120,180,210,240,210.95238095238096,0.12143546416535225,33,115,0,0,0,0,3.5714285714285716,5.102504831507321,6,10,5,7,120,20,11,10,26,10,-0.010362413194444574,12,1.0,0.0,0.0,0.16666666666666666,0.2857142857142857,0.20017264456203082,1.1039139868826435,4.4,0.0,0.0,1.1428571428571428,2.25,1.2903116952669382,0.8746960324889629,82.0,103,26183,82.0,103,103,109,156.0,103,103,523,103.0,103
15,240,180,210,210,240,216.0,0.10393492741038726,9,135,0,0,0,65,29.0,1.4345269666043856,83,4,5,11,55,30,1,35,12,15,-2.589099396734088E-7,819,1.0,0.0,0.12043010752688173,0.1422924901185771,0.17857142857142858,0.1638437371627049,0.5470323769591744,17.456790123456788,0.0,3.333333333333333,4.787878787878787,6.655172413793104,5.2264689046683905,0.5196911527859109,0.0,0,0,0.0,0,0,0,0.0,0,0,0,0.0,0
67,240,120,120,150,180,148.2089552238806,0.18466110924394108,23,190,0,0,0,0,14.477611940298507,2.3651425872377714,68,3,22,13,20,15,11,20,40,10,-6.83012186467354E-7,738,1.0,0.0,0.045454545454545456,0.08307692307692308,0.13333333333333333,0.1067356517974555,1.209101578220098,3.0769230769230766,0.0,0.5,0.9090909090909092,1.3333333333333333,0.9240064646629892,0.6763921260173648,0.0,0,0,0.0,0,0,0,0.0,0,0,0,0.0,0
51,240,180,180,210,240,209.41176470588235,0.11165509502444827,28,95,0,0,0,0,5.196078431372549,3.1884001217567803,32,1,1,8,15,15,8,15,35,15,-1.1303417088051488E-6,519,1.0,0.358148893360161,0.442213961173069,0.4729333963155409,0.507048180096781,0.48011896123477044,0.12590163719272748,152.92957746478874,4.0,43.4320987654321,68.93706293706293,93.82242990654206,70.53706840286222,0.4710469297537872,0.0,0,0,0.0,0,0,0,0.0,0,0,0,0.0,0
78,240,120,120,150,180,157.69230769230768,0.18638998219066163,29,120,0,0,0,0,9.294871794871796,2.692032547908956,6,1,1,5,25,10,13,15,59,15,-2.1895063867375978E-4,71,1.0,0.16666666666666666,0.33004926108374383,0.3682539682539683,0.4444444444444444,0.4045968305512398,0.3191094214485155,23.692307692307693,0.6666666666666666,6.5,9.80952380952381,13.743589743589745,10.23278819112912,0.4807768803594026,720.0,158,55832,720.0,158,158,484,1287.0,158,158,2374,821.0,158
71,240,180,180,210,240,206.19718309859155,0.11692903784989436,38,100,0,0,0,0,6.901408450704225,2.9141542301557286,36,6,25,6,10,25,9,20,52,15,-2.3857288948923093E-7,868,1.0,0.25066521264994546,0.31795803983943044,0.3381791072593421,0.36434257832562916,0.351572822243735,0.2064211614955116,141.59562841530052,1.5,29.902439024390244,48.43870967741936,69.66949152542374,51.17919778770852,0.5525588565519546,25344.0,945,165692,25344.0,945,945,964,26700.0,945,945,32538,25906.0,945
30,180,120,120,150,180,150.0,0.17888543819998318,11,205,0,0,0,20,19.333333333333332,2.2563162763939135,19,6,2,0,30,15,10,5,13,10,-0.0810358691764671,3,0.6666666666666666,0.0,0.28421052631578947,0.3238095238095238,0.37254901960784315,0.3389751963664544,0.294175072897057,15.866666666666667,0.0,4.75,6.315789473684211,9.0,6.838748892204449,0.48782557170762536,1450.0,134,18087,1450.0,134,134,142,1663.0,134,134,2010,1506.0,134
72,240,120,180,210,240,208.33333333333334,0.13120975573485366,41,130,0,0,0,0,8.472222222222221,2.920564383504331,51,9,38,3,50,25,17,30,30,10,-1.5980616760386508E-7,695,1.0,0.31640078004862415,0.3973308504034761,0.42288390766142525,0.45444009850789513,0.4337635244783924,0.15269611909364367,152.82157676348547,3.0,37.093023255813954,59.86153846153846,86.05,62.494469172601,0.5321029208789564,39516.0,714,150194,39516.0,714,714,793,43043.0,714,714,17301,40980.0,714
76,240,180,180,210,240,205.26315789473685,0.12331707339908765,43,110,0,0,0,0,8.355263157894736,2.524736570137466,50,3,6,7,40,15,12,35,57,15,-1.995335377863921E-7,868,1.0,0.3527908980185961,0.45028739146386204,0.4772470079901238,0.5081535695942475,0.48375275688935904,0.12294864847549263,242.3673469387755,3.0,68.92086330935253,109.39316239316238,153.66257668711657,111.97678450211947,0.4884722443791164,0.0,0,0,0.0,0,0,0,0.0,0,0,0,0.0,0
27,240,180,180,210,240,208.88888888888889,0.11383475829272713,15,0,0,0,0,0,0.0,0.0,16,37,1,6,10,15,3,30,12,10,-1.9157348539893995E-7,573,1.0,0.0,0.25862068965517243,0.28414481897627963,0.31827956989247314,0.2993590132208583,0.2649586538849573,58.78260869565218,0.0,10.714285714285714,17.967741935483872,27.0,19.87857268353468,0.59110282695912,0.0,0,0,0.0,0,0,0,0.0,0,0,0,0.0,0
64,240,120,120,150,180,161.71875,0.22148796991022973,28,150,0,0,0,0,10.0,3.1024184114977142,58,9,3,13,45,35,29,0,33,10,-8.702250750134014E-7,674,1.0,0.0,0.0,0.08333333333333333,0.19047619047619047,0.15804729124644973,1.5414303487654968,3.0,0.0,0.0,0.5,1.0,0.652822000370258,1.0310074222480363,1004.0,688,125740,1004.0,688,688,697,1533.0,688,688,10450,1158.0,688
69,240,150,180,210,240,203.91304347826087,0.13390463512245276,37,0,0,0,0,0,0.0,0.0,16,7,5,11,10,15,16,20,43,15,-1.4947695899440185E-7,903,1.0,0.201981037131204,0.2516509433962264,0.2711610486891386,0.2971342383107089,0.2867519159529215,0.2697365523976237,87.86175115207374,1.0,17.6734693877551,28.6875,40.5974025974026,30.591678359409627,0.5456922278655546,23942.0,938,244823,23942.0,938,938,948,24954.0,938,938,26493,24338.0,938
79,240,150,180,210,240,207.72151898734177,0.11890027452657487,43,90,0,0,0,0,6.582278481012659,2.8869541800779968,29,3,7,13,25,10,14,35,37,10,-1.6731469652440932E-7,913,0.8333333333333334,0.3685510495210923,0.46060467246907927,0.4893870686168061,0.5165745856353591,0.49158338711019706,0.09674918558456384,266.7489114658926,7.5,78.71895424836602,124.32699619771863,170.97191011235955,127.13566138574615,0.4717346454608821,0.0,0,0,0.0,0,0,0,0.0,0,0,0,0.0,0
62,240,180,180,210,240,208.5483870967742,0.11677243185300805,33,65,0,0,0,0,2.5,4.395745743916644,29,1,27,0,20,15,7,15,49,15,-7.226558002610142E-8,957,1.0,0.0,0.3835978835978836,0.4079357581483231,0.4336097291321172,0.4134024336264974,0.1229118418590441,199.7224880382775,0.0,50.97674418604651,78.9945945945946,113.64539007092198,82.90689527615824,0.5156066694791684,0.0,0,0,0.0,0,0,0,0.0,0,0,0,0.0,0
69,240,120,180,210,240,207.3913043478261,0.14515454400933972,34,80,0,0,0,0,7.681159420289855,2.7023321020194464,53,15,14,9,10,25,19,0,56,15,-2.7856170544142464E-6,426,0.8285714285714286,0.4070669098398283,0.516017316017316,0.5521581732108047,0.5846434267486899,0.5540986063867692,0.10722797194760855,166.7340425531915,9.0,62.1747572815534,89.47560975609755,116.14977973568281,88.89244429524042,0.404317566796126,45034.0,484,119523,45034.0,484,484,6205,50044.0,484,484,11627,46829.0,484
45,240,120,180,180,210,196.0,0.15340098345278477,21,0,0,0,0,0,0.0,0.0,4,1,4,9,75,10,8,35,24,10,-1.914821098264789E-6,245,1.0,0.16666666666666666,0.3048128342245989,0.3428030303030303,0.39,0.363095957820473,0.30028363112685386,34.608,0.6666666666666666,8.299999999999999,12.866666666666667,17.906976744186046,13.580916224409822,0.5145065929669794,1942.0,248,58839,1942.0,248,248,264,3447.0,248,248,3562,2182.0,248
55,240,150,180,210,240,202.9090909090909,0.13801610379562834,28,40,0,0,0,0,0.7272727272727273,7.3484692283495345,21,9,17,1,15,15,9,5,35,15,-1.0133861517307092E-6,356,0.9111111111111111,0.48027429551055395,0.5846215889232423,0.6169385006733503,0.6626476377952756,0.6276287866425476,0.10227374099962691,149.40645161290323,6.571428571428571,63.34736842105263,90.54166666666667,116.9452736318408,87.81251098009764,0.41412379505044494,0.0,0,0,0.0,0,0,0,0.0,0,0,0,0.0,0
24,240,150,180,210,240,203.75,0.16990653281136478,12,145,0,0,0,0,10.0,3.1457643480294792,13,9,4,11,20,20,5,0,18,15,-1.6985734201407867E-7,786,1.0,0.0,0.18585858585858586,0.20265151515151514,0.22792207792207791,0.2177702487298748,0.29528339154680733,45.020242914979754,0.0,7.882352941176471,12.618181818181817,19.360824742268044,14.2565673498659,0.5769141118151454,0.0,0,0,0.0,0,0,0,0.0,0,0,0,0.0,0
69,240,120,120,150,180,153.47826086956522,0.18688297453224528,25,155,0,0,0,0,8.695652173913043,2.939529440800574,31,5,13,2,135,15,6,5,38,10,-3.4809003000536056E-6,268,1.0,0.0,0.0,0.09523809523809523,0.17857142857142858,0.15447068254395238,1.4383737701033872,3.5,0.0,0.0,0.6666666666666666,1.3076923076923077,0.792757570443241,0.9050782626665915,248.0,272,37131,248.0,272,272,278,1347.0,272,272,3625,672.0,272
76,240,180,180,210,240,209.60526315789474,0.11253831388571502,40,130,0,0,0,0,9.802631578947368,2.6027378668250964,28,13,1,15,35,15,24,20,44,10,-1.3696467220902415E-6,413,1.0,0.4505578767819977,0.5476190476190477,0.5813953488372093,0.6168929110105581,0.5868551696541088,0.11130696017935278,163.35311572700297,3.0,60.372549019607845,94.25149700598803,123.18421052631578,90.25495913651012,0.43972586517790585,44629.0,450,48359,44629.0,450,450,1453,47173.0,450,450,4036,45495.0,450
66,240,180,180,210,240,207.27272727272728,0.11744234946487617,35,120,0,0,0,0,8.93939393939394,2.6991758240754153,9,12,18,5,20,15,12,20,53,15,-5.201007303242564E-7,503,1.0,0.32658947684989,0.42574832897413545,0.4532282461587453,0.4886031560490941,0.4642573581280501,0.14253726658309418,126.65573770491804,3.2,34.36619718309859,55.91228070175439,76.40243902439025,56.364253735380444,0.5053057208185856,17544.0,532,74589,17544.0,532,532,570,18641.0,532,532,13791,18092.0,532
78,210,120,120,150,180,153.07692307692307,0.1763811937164246,29,190,0,0,0,0,3.9743589743589745,5.769956996901954,53,12,1,11,95,20,12,15,46,10,-2.9576047667583216E-7,783,1.0,0.0,0.21244131455399062,0.231016731016731,0.26044330775788577,0.2481313939458871,0.27960034578211096,61.69230769230769,0.0,10.606060606060606,16.88135593220339,25.34453781512605,18.982566927295924,0.5830886687780692,12632.0,859,195218,12632.0,859,859,1937,17080.0,859,859,19184,13737.0,859
50,240,150,180,210,240,210.6,0.14098966417844588,25,170,0,0,0,0,11.7,2.594703439241977,14,3,6,14,10,10,12,5,31,15,-2.966576295619492E-6,417,0.8,0.33497257053291535,0.40379775795012585,0.43072970195272353,0.4629360465116279,0.44088929548192324,0.13458253840980908,111.91849529780563,3.5,30.830769230769228,48.91891891891892,66.55172413793103,49.583919861545894,0.49229478358250717,23644.0,501,59685,23644.0,501,501,518,24203.0,501,501,3774,23882.0,501
68,240,180,180,210,240,209.11764705882354,0.10994779933160652,37,0,0,0,0,0,0.0,0.0,4,11,8,4,25,15,13,20,29,10,-2.543053992080884E-6,418,1.0,0.40681971112467336,0.4962194713951154,0.5269369883875881,0.5631868131868132,0.5363408505033922,0.11920572585061343,153.28690807799444,2.0,49.44827586206897,78.3875,105.28282828282828,77.66097179591543,0.4614495509127287,23511.0,494,120242,23511.0,494,494,987,26041.0,494,494,8984,24318.0,494
69,240,180,180,210,240,207.3913043478261,0.11482653197173287,36,55,0,0,0,0,1.7391304347826086,4.865910329355992,63,14,6,13,20,10,5,15,33,10,-1.6848090896825185E-7,801,1.0,0.0,0.11951219512195121,0.13497267759562842,0.16363636363636364,0.15582794100410144,0.5421332661308383,17.73856209150327,0.0,3.2941176470588234,5.0,7.409090909090909,5.602824814825939,0.5507853526244559,1882.0,812,249462,1882.0,812,812,822,2885.0,812,812,22558,2237.0,812
76,240,120,120,150,180,156.71052631578948,0.20739214823662144,32,60,0,0,0,0,2.8289473684210527,4.04804835829404,10,1,1,5,150,10,21,10,61,15,-0.0033239595374060446,25,1.0,0.0,0.05454545454545454,0.11666666666666667,0.19444444444444445,0.15462419410654712,1.1747250557061129,3.2,0.0,0.4,1.0,1.5999999999999999,0.9694536313359844,0.7509615326803881,69.0,133,12598,69.0,133,133,134,250.0,133,133,2328,87.0,133
70,180,120,120,150,180,151.28571428571428,0.1551880558051257,25,115,0,0,0,0,3.0,5.026911703008246,20,20,14,1,30,30,9,25,53,15,-2.404586026469683E-6,261,1.0,0.0,0.17777777777777778,0.21052631578947367,0.25263157894736843,0.23532965559800068,0.6008510805605698,15.51063829787234,0.0,2.8,4.636363636363637,6.4799999999999995,4.8753081391230895,0.5699648466669526,397.0,271,153130,397.0,271,271,296,696.0,271,271,7257,468.0,271
70,240,150,180,210,240,201.85714285714286,0.14193329013467743,36,125,0,0,0,0,11.357142857142858,2.410118367030052,30,1,1,2,30,10,8,5,37,10,-3.1866151970923945E-7,888,1.0,0.339429129789353,0.44263612618042997,0.46724742321979806,0.49942528735632186,0.47347542009334637,0.12295300106201204,248.0225352112676,5.0,73.18518518518519,109.47717842323651,151.17117117117118,113.58976187254261,0.47613813197068416,0.0,0,0,0.0,0,0,0,0.0,0,0,0,0.0,0
56,240,120,120,150,180,151.60714285714286,0.18097255162264136,20,95,0,0,0,0,7.678571428571429,2.822205850505673,10,7,1,0,30,10,7,35,28,10,-1.2014609765474818E-5,266,1.0,0.0,0.0,0.0,0.16666666666666666,0.11721500721500729,2.010823910627116,3.0,0.0,0.0,0.0,0.6666666666666666,0.41325863678804875,1.5652900510230285,0.0,0,0,0.0,0,0,0,0.0,0,0,0,0.0,0
65,240,180,210,210,240,211.84615384615384,0.10502806791454422,34,20,0,0,0,0,0.5384615384615384,5.671266640365489,20,19,20,7,15,10,10,35,51,15,-1.5756041222291157E-7,904,1.0,0.28105779230426386,0.3536771342317388,0.37521338340730626,0.40640304734264465,0.3863067042662261,0.15508987939577543,178.7527559055118,2.0,39.785714285714285,65.95454545454545,92.0144927536232,67.58194658536897,0.5273039399600605,39257.0,957,175926,39257.0,957,957,3003,42472.0,957,957,18724,40234.0,957
77,240,120,180,210,240,203.37662337662337,0.1398861016362351,38,0,0,0,0,0,0.0,0.0,63,5,2,3,25,10,12,20,44,10,-5.704731022385639E-7,596,1.0,0.4263185949755284,0.5388748647673999,0.574447391688771,0.6092924479436445,0.5768041428893254,0.10703672630651583,229.35940409683425,3.5,82.79710144927536,125.87096774193549,164.91803278688525,123.66690737761043,0.42581904880163673,0.0,0,0,0.0,0,0,0,0.0,0,0,0,0.0,0
27,240,180,180,210,240,207.77777777777777,0.12380574227583131,14,65,0,0,0,0,2.4074074074074074,5.0990195135927845,8,12,11,7,25,10,3,25,21,15,-9.165017650413966E-5,106,0.9454545454545454,0.0,0.5745814307458144,0.6212121212121212,0.6798701298701298,0.631559550452656,0.1570257910788258,62.76422764227642,0.0,27.0,39.10344827586207,49.44827586206897,37.50560588111568,0.39135137901020417,7816.0,155,107996,7816.0,155,155,68590,8573.0,155,155,68999,8164.0,155
75,180,120,120,150,180,148.0,0.15989404819188152,26,170,0,0,0,0,10.533333333333333,3.036563490803461,5,2,4,2,20,20,14,10,54,15,-1.2570408246083931E-6,280,1.0,0.41164087170090835,0.5166168782673637,0.5542617605961807,0.5921625544267054,0.5628462084998649,0.13437154007264682,96.72961373390558,2.0,35.111111111111114,51.2,69.13114754098362,51.84387896967514,0.423377761298495,9066.0,286,69545,9066.0,286,286,288,9576.0,286,286,4267,9233.0,286
33,240,180,180,210,240,209.0909090909091,0.12480608777745494,18,80,0,0,0,0,2.4242424242424243,5.656854249492381,82,1,1,13,45,20,4,35,14,10,-2.9595554788742123E-7,883,1.0,0.0,0.11174242424242424,0.13333333333333333,0.175,0.1620609763240963,0.6432326486015274,16.010695187165776,0.0,3.25,4.512820512820513,6.253968253968254,4.89408059148826,0.46785762163641675,5620.0,957,218262,5620.0,957,957,976,7490.0,957,957,32787,6313.0,957
33,240,180,180,210,240,213.63636363636363,0.1133864901657381,18,50,0,0,0,0,5.303030303030303,2.7458317203963345,1,6,1,0,20,10,6,15,16,10,-1.7795978308414278E-6,367,1.0,0.30421172453044965,0.38155089215576254,0.4154219566840926,0.4529824561403509,0.43064504661153913,0.20500486913520374,84.39183673469388,2.0,21.454545454545457,34.81481481481482,48.267716535433074,35.986846753635156,0.48897929975184645,16148.0,401,46102,16148.0,401,401,5218,17241.0,401,401,7015,16630.0,401
69,240,180,180,210,240,208.2608695652174,0.1147276130608274,37,80,0,0,0,0,4.27536231884058,3.507205207200206,27,15,10,12,25,25,27,20,50,15,-3.496409751840504E-7,709,1.0,0.0,0.2917790430526421,0.3118187033849684,0.33893858079904593,0.3257536243351387,0.2312297711499383,98.91387559808612,0.0,21.090909090909093,33.907407407407405,48.783132530120476,35.70300635274937,0.5498580898592679,31495.0,770,214566,31495.0,770,770,824,32729.0,770,770,26340,31855.0,770
64,180,120,120,150,180,154.6875,0.16160353486028345,22,0,0,0,0,0,0.0,0.0,10,9,5,4,30,15,10,25,48,15,-6.012825757167419E-6,295,1.0,0.4719802916438561,0.5614572864321608,0.5968964909187092,0.6369707811568277,0.6043792813317035,0.10181841364092883,134.1021897810219,3.0,52.87058823529412,81.5483870967742,103.17277486910996,77.2651087575264,0.40973665830650235,28592.0,342,42027,28592.0,342,342,591,30527.0,342,342,3208,29352.0,342
39,180,120,150,150,180,154.6153846153846,0.14263951429683042,14,80,0,0,0,0,2.051282051282051,6.164414002968977,3,2,25,5,15,15,11,25,21,10,-2.6254988447805102E-5,134,1.0,0.4232383808095952,0.48095238095238096,0.5079365079365079,0.5492577597840755,0.5221024535606994,0.13758679722045924,49.095652173913045,2.0,17.384615384615383,25.795918367346935,33.44615384615385,25.45103507563003,0.39679468126242395,3579.0,148,16383,3579.0,148,148,158,3933.0,148,148,1530,3733.0,148
49,240,120,180,210,240,208.16326530612244,0.13782793545717636,25,0,0,0,0,0,0.0,0.0,87,1,1,2,15,20,15,30,32,15,-4.60642753856157E-7,591,1.0,0.0,0.4185599006828057,0.4475743348982786,0.4867420349434738,0.45776114243960697,0.13865503249040878,146.77725118483414,0.0,35.342465753424655,60.19402985074627,90.01932367149759,63.2437697124495,0.5349239122256799,0.0,0,0,0.0,0,0,0,0.0,0,0,0,0.0,0
75,240,180,180,210,240,214.4,0.11354570190076824,40,105,0,0,0,0,4.066666666666666,4.4566049409957245,72,2,1,14,15,10,7,5,33,10,-7.705976537384123E-7,600,0.8636363636363636,0.4485981993069749,0.5446915126839963,0.5774998482180803,0.6083333333333333,0.5802311058542586,0.09448315246662234,240.24621212121212,9.0,91.13698630136986,135.45967741935482,178.68535825545172,132.6968755716966,0.4196818669591241,0.0,0,0,0.0,0,0,0,0.0,0,0,0,0.0,0
69,240,120,180,210,210,198.2608695652174,0.16539217223653324,34,250,0,0,0,0,7.463768115942029,4.294204500203206,70,3,10,14,20,15,13,30,50,15,-6.881346555486771E-8,961,1.0,0.2870939420544337,0.35674048174048173,0.37675219767165596,0.39937839937839936,0.3846594731772533,0.12915838847308414,189.78670788253478,1.0,44.10619469026548,70.6875,98.54263565891473,72.62103528636639,0.5195420155632686,63340.0,978,211937,63340.0,978,978,2237,69745.0,978,978,13990,66007.0,978
42,180,120,120,150,180,150.0,0.17994708216848748,14,120,0,0,0,0,9.761904761904763,2.3337015657995663,18,59,6,12,25,30,7,30,30,15,-1.9938462954355577E-7,837,0.6666666666666666,0.14705882352941177,0.21693121693121692,0.23561507936507936,0.25846702317290554,0.24751054025911162,0.2253676552471895,69.66759002770083,1.0,11.86046511627907,19.2289156626506,28.523809523809526,21.171893671523456,0.5819923041751798,0.0,0,0,0.0,0,0,0,0.0,0,0,0,0.0,0
25,240,150,180,210,210,198.0,0.154515742836145,12,105,0,0,0,0,12.8,2.3151378536169287,5,7,65,7,25,50,6,30,13,10,-3.26902221287808E-7,843,1.0,0.0,0.18153846153846154,0.19890635680109364,0.22564102564102564,0.2158466757394281,0.3575331126572941,49.30744336569579,0.0,7.9411764705882355,13.493333333333334,20.051724137931036,15.060144649438426,0.5902756765570512,0.0,0,0,0.0,0,0,0,0.0,0,0,0,0.0,0
70,240,150,180,210,240,209.57142857142858,0.12216995526579837,36,125,0,0,0,0,7.928571428571429,2.9780055684659925,37,8,44,6,50,20,7,25,56,15,-1.9016077468792237E-7,894,0.8055555555555556,0.0,0.34220516543926977,0.3641439205955335,0.3909305621162022,0.37141946335063764,0.13067737622385545,169.07796610169493,0.0,37.89361702127659,60.308724832214764,85.00877192982456,63.63468845338191,0.5231354823855768,45135.0,951,190176,45135.0,951,951,1010,49297.0,951,951,19722,46805.0,951
59,240,180,180,210,240,208.98305084745763,0.11809889147943164,30,65,0,0,0,0,4.237288135593221,3.357379930838927,35,6,3,0,25,10,9,35,41,15,-2.468138474072776E-6,332,0.8014705882352942,0.4695549788542868,0.5632664437012264,0.5999440872239307,0.6392737697085523,0.6019961366766688,0.09399503167666758,141.08843537414967,8.0,57.68888888888888,84.11290322580645,106.5505617977528,81.1683357097761,0.3899645800992737,21038.0,353,39613,21038.0,353,353,721,22456.0,353,353,4033,21674.0,353
52,240,180,180,210,240,210.0,0.11551536286609142,27,190,0,0,0,0,4.230769230769231,6.2251157511890876,48,15,4,13,20,15,8,35,38,15,-6.340800259719179E-7,677,1.0,0.0,0.07142857142857142,0.10256410256410256,0.16666666666666666,0.14441707638947815,1.0406689620032736,5.0,0.0,0.9230769230769231,1.3333333333333333,1.8181818181818183,1.3780988199849054,0.5364509711437575,386.0,719,78037,386.0,719,719,728,589.0,719,719,19050,439.0,719
44,240,150,180,210,210,205.22727272727272,0.12047484627553975,24,10,0,0,0,0,0.22727272727272727,6.557438524302001,60,11,29,3,15,15,7,30,35,15,-1.5925282009302877E-7,873,1.0,0.0,0.19956645440997156,0.2195225916453538,0.24426450742240216,0.23439698147478244,0.31833805946956706,61.164265129683,0.0,10.114285714285714,15.863013698630137,24.24,18.077087363705836,0.5953681525549223,13374.0,915,249200,13374.0,915,915,1391,14816.0,915,915,24260,13903.0,915
55,240,150,180,210,240,207.27272727272728,0.1331485330597212,28,75,0,0,0,0,2.8181818181818183,4.181620754348078,13,14,6,5,20,10,17,20,28,10,-5.319073383617663E-7,527,1.0,0.0,0.39640459665490957,0.42426556991774383,0.4579831932773109,0.43371095166312124,0.15680952413694058,117.9245283018868,0.0,31.72972972972973,47.684210526315795,69.4060606060606,50.256625831803426,0.5132023378844559,29433.0,552,84114,29433.0,552,552,753,31031.0,552,552,5274,29994.0,552
69,240,150,180,210,240,206.52173913043478,0.12497534382868067,35,240,0,0,0,0,8.695652173913043,3.7400980379307347,33,4,33,10,25,15,8,15,48,15,-3.224993701184172E-6,332,0.8791208791208791,0.48175623052959504,0.592817679558011,0.6259218692953633,0.6601668782876836,0.62901865840551,0.09297103863636375,158.41471571906354,5.25,67.86,100.67924528301887,121.04306220095694,93.37640640635543,0.3955574717078615,22036.0,368,18217,22036.0,368,368,728,23695.0,368,368,4934,22491.0,368
57,240,180,180,210,240,210.52631578947367,0.11478240283248987,31,145,0,0,0,0,12.280701754385966,2.7897406799242983,91,1,1,14,50,10,9,30,32,10,-9.229460324412288E-7,642,1.0,0.0,0.16350877192982455,0.18253968253968253,0.21082621082621084,0.20439558486446627,0.4831552502088402,32.68518518518518,0.0,6.333333333333334,9.583333333333334,13.822784810126583,10.492509496582732,0.5473460143527101,5912.0,770,200462,5912.0,770,770,780,6793.0,770,770,22586,6152.0,770
77,240,120,180,210,240,204.15584415584416,0.16069110255741123,39,150,0,0,0,0,12.272727272727273,2.108835680812853,6,3,2